snatcherVelocity,xAxisPos,zAxisPos,distanceToTarget,viewAngle,touchedWall,date-time,update
0,-5.70994,24.78558,0,244.2076,0,25/09/2020 00:38:47,51
8.579202,-4.174687,29.01492,8.700883,171.2147,0,25/09/2020 00:38:48,102
12.11176,2.794934,39.01894,10.28304,359.1555,0,25/09/2020 00:38:49,153
2.363955,-1.489365,41.30895,10.28304,240.9317,0,25/09/2020 00:38:50,204
0,-2.041714,35.40091,10.28304,137.1863,0,25/09/2020 00:38:51,255
7.624375,-5.057024,33.26352,10.84399,187.2519,0,25/09/2020 00:38:52,306
1.62066,-5.566412,31.8797,10.84399,395.6306,0,25/09/2020 00:38:53,357
16.03491,-4.816578,28.95716,10.37513,177.4868,0,25/09/2020 00:38:54,408
5.972941,11.93343,18.78354,6.918981,155.4211,0,25/09/2020 00:38:55,459
8.427554,7.416487,19.55052,8.381472,305.7598,0,25/09/2020 00:38:56,510
6.549894,4.635095,14.29815,7.112616,299.4068,0,25/09/2020 00:38:57,561
0.5461764,3.549521,17.35667,7.112616,327.2062,0,25/09/2020 00:38:58,612
0,6.129942,15.58976,7.112616,155.9501,0,25/09/2020 00:38:59,663
0,11.35865,17.23314,7.112616,361.5592,0,25/09/2020 00:39:00,714
0,16.03855,17.01243,7.112616,63.92736,0,25/09/2020 00:39:01,765
4.306506,12.77903,24.95433,7.970213,340.4622,0,25/09/2020 00:39:02,816
13.83988,-5.62525,17.15258,8.700131,286.4774,0,25/09/2020 00:39:03,867
0,-6.780881,17.49372,6.748989,110.9354,0,25/09/2020 00:39:04,918
0,-6.244061,13.04117,6.748989,291.2612,0,25/09/2020 00:39:05,969
0,-7.733238,16.8738,6.748989,351.9665,0,25/09/2020 00:39:06,1020
0,-6.867809,17.67142,6.748989,95.09508,0,25/09/2020 00:39:07,1071
0,0.5171412,17.37597,6.748989,226.0243,0,25/09/2020 00:39:08,1122
0,-1.084708,13.04435,6.748989,109.2565,0,25/09/2020 00:39:09,1173
0,1.085242,17.39562,6.748989,212.8984,0,25/09/2020 00:39:10,1224
0,6.646934,17.60195,6.748989,128.2926,0,25/09/2020 00:39:11,1275
0,7.669151,17.38688,6.748989,308.3335,0,25/09/2020 00:39:12,1326
0,12.06921,16.94701,6.748989,126.4411,0,25/09/2020 00:39:13,1377
7.940145,1.253114,16.86279,6.056285,288.6923,0,25/09/2020 00:39:14,1428
8.738249,-8.527082,11.0287,6.233952,75.46593,0,25/09/2020 00:39:15,1479
2.734528,-4.250767,1.96501,6.233952,150.895,0,25/09/2020 00:39:16,1530
4.843746E-14,-7.512493,2.433846,6.233952,150.5423,0,25/09/2020 00:39:17,1581
9.68749E-14,-5.501884,5.617971,6.233952,77.14714,0,25/09/2020 00:39:18,1632
0,-2.275215,10.61378,6.233952,154.8047,0,25/09/2020 00:39:19,1683
0,-2.182019,10.30463,6.233952,52.86182,0,25/09/2020 00:39:20,1734
0,-4.27094,18.64058,6.233952,131.3456,0,25/09/2020 00:39:21,1785
0,-1.031223,21.36192,6.233952,133.3842,0,25/09/2020 00:39:22,1836
0,2.532674,21.71984,6.233952,84.22057,0,25/09/2020 00:39:23,1887
0,3.667725,22.87037,6.233952,374.6174,0,25/09/2020 00:39:24,1938
0,11.65899,23.86933,6.233952,79.88147,0,25/09/2020 00:39:25,1989
0,5.450228,25.98787,6.233952,298.5071,0,25/09/2020 00:39:26,2040
0,5.211536,25.13139,6.233952,247.508,0,25/09/2020 00:39:27,2091
0,9.878322,20.52561,6.233952,208.3449,0,25/09/2020 00:39:28,2142
0,12.94829,22.55792,6.233952,379.2436,0,25/09/2020 00:39:29,2193
0,8.45666,21.78674,6.233952,342.6585,0,25/09/2020 00:39:30,2244
0,7.320613,25.38205,6.233952,178.2572,0,25/09/2020 00:39:31,2295
0,3.021786,27.84404,6.233952,299.6572,0,25/09/2020 00:39:32,2346
8.133354,2.299379,36.73845,9.320171,63.59964,0,25/09/2020 00:39:33,2397
2.129639,3.42323,40.32772,9.320171,201.8867,0,25/09/2020 00:39:35,2448
0,-1.5701,35.70304,9.320171,247.9716,0,25/09/2020 00:39:36,2499
0,0.8809973,28.53393,9.320171,141.7822,0,25/09/2020 00:39:37,2550
0,9.155669,29.77065,9.320171,286.8123,0,25/09/2020 00:39:38,2601
0,1.40678,23.40648,9.320171,263.8503,0,25/09/2020 00:39:39,2652
0,3.680769,27.08304,9.320171,296.9721,0,25/09/2020 00:39:40,2703
0,-4.59375,28.63882,9.320171,377.3618,0,25/09/2020 00:39:41,2754
5.888178,-8.07932,23.71689,10.54678,216.7296,0,25/09/2020 00:39:42,2805
0,-6.425828,18.70582,10.54678,204.5511,0,25/09/2020 00:39:43,2856
0,-1.501009,18.49878,10.54678,293.4455,0,25/09/2020 00:39:44,2907
5.294945,-5.361553,11.69931,8.984381,87.86394,0,25/09/2020 00:39:45,2958
0,-4.486015,14.13652,8.984381,201.3175,0,25/09/2020 00:39:46,3009
9.687498E-14,-5.819314,5.309119,8.984381,206.6507,0,25/09/2020 00:39:47,3060
9.68749E-14,-6.123161,6.922755,8.984381,169.4055,0,25/09/2020 00:39:48,3111
0,-4.565002,13.59918,8.984381,179.5456,0,25/09/2020 00:39:49,3162
0,-4.438246,12.50197,8.984381,252.003,0,25/09/2020 00:39:50,3213
9.68749E-14,-1.467206,6.513167,8.984381,114.7861,0,25/09/2020 00:39:51,3264
0,-1.967165,13.18531,8.984381,370.8129,0,25/09/2020 00:39:52,3315
0,-1.791641,15.53057,8.984381,375.5768,0,25/09/2020 00:39:53,3366
0,-3.130631,19.82704,8.984381,298.3222,0,25/09/2020 00:39:54,3417
4.797343,-5.863133,32.9989,8.373083,101.5344,0,25/09/2020 00:39:55,3468
5.545554,0.5841998,38.95862,10.51473,183.0395,0,25/09/2020 00:39:56,3519
0,1.96358,34.622,10.51473,370.7334,0,25/09/2020 00:39:57,3570
0,-1.57933,33.64592,10.51473,210.3382,0,25/09/2020 00:39:58,3621
0,-1.291239,27.69305,10.51473,113.9456,0,25/09/2020 00:39:59,3672
0,0.8516924,22.3473,10.51473,332.2992,0,25/09/2020 00:40:00,3723
9.168827,-0.1100531,23.2594,8.724518,226.7781,0,25/09/2020 00:40:01,3774
8.927947,-2.590126,11.76258,2.948324,42.77944,0,25/09/2020 00:40:02,3825
2.924226,2.029314,5.879722,2.948324,206.1295,0,25/09/2020 00:40:03,3876
0,1.294598,8.540993,2.948324,270.5237,0,25/09/2020 00:40:04,3927
9.687498E-14,-5.581377,7.829649,2.948324,268.6011,0,25/09/2020 00:40:05,3978
0,-2.008561,9.372233,2.948324,160.1645,0,25/09/2020 00:40:06,4029
0,-5.111668,8.680798,2.948324,365.5785,0,25/09/2020 00:40:07,4080
0,-8.000095,8.719324,2.948324,145.6797,0,25/09/2020 00:40:08,4131
0,-2.343824,10.59904,2.948324,373.4893,0,25/09/2020 00:40:09,4182
0,-3.727212,10.91376,2.948324,305.2777,0,25/09/2020 00:40:10,4233
0,-11.29959,15.03642,2.948324,81.47639,0,25/09/2020 00:40:11,4284
8.862425,-9.039096,13.2218,9.968529,265.607,0,25/09/2020 00:40:12,4335
2.858709,-21.13268,16.6622,9.968529,86.03135,0,25/09/2020 00:40:13,4386
0,-12.88282,16.12874,9.968529,137.1432,0,25/09/2020 00:40:14,4437
0.6530946,-5.435622,11.59651,4.21521,87.70354,0,25/09/2020 00:40:15,4488
13.01451,5.569105,10.84016,7.115462,289.1556,0,25/09/2020 00:40:16,4539
7.010781,9.665061,19.50049,7.115462,349.5486,0,25/09/2020 00:40:17,4590
1.007057,11.8401,23.54718,7.115462,332.9577,0,25/09/2020 00:40:18,4641
0,5.938649,27.50168,7.115462,273.3117,0,25/09/2020 00:40:19,4692
0,0.4228849,20.44177,7.115462,352.6559,0,25/09/2020 00:40:20,4743
0,-2.885798,23.4682,7.115462,165.6912,0,25/09/2020 00:40:21,4794
0,-3.713515,17.46601,7.115462,282.3132,0,25/09/2020 00:40:22,4845
8.728159,-1.807129,13.54641,9.4881,103.055,0,25/09/2020 00:40:23,4896
12.22353,9.468562,15.91297,7.339346,188.7078,0,25/09/2020 00:40:24,4947
6.219796,14.14214,18.64922,7.339346,339.3336,0,25/09/2020 00:40:26,4998
0.2160771,16.14732,20.89706,7.339346,222.8653,0,25/09/2020 00:40:27,5049
0,12.20168,21.02389,7.339346,395.5323,0,25/09/2020 00:40:28,5100
0,10.35557,24.57224,7.339346,257.088,0,25/09/2020 00:40:29,5151
7.798383,0.8708389,23.37277,4.85389,286.4044,0,25/09/2020 00:40:30,5202
1.448304,-5.888531,18.38834,4.85389,93.8356,0,25/09/2020 00:40:31,5253
0,2.429229,20.26257,4.85389,50.27263,0,25/09/2020 00:40:32,5304
0,2.550222,22.25604,4.85389,114.311,0,25/09/2020 00:40:33,5355
4.333172,10.2187,24.13453,8.518224,189.0298,0,25/09/2020 00:40:34,5406
1.815983,16.0433,24.6576,5.314917,48.22668,0,25/09/2020 00:40:35,5457
6.024784,7.592198,18.49665,5.733528,129.6934,0,25/09/2020 00:40:36,5508
0,1.982117,16.67783,5.733528,261.7058,0,25/09/2020 00:40:37,5559
0,0.7174876,12.19032,5.733528,175.9049,0,25/09/2020 00:40:38,5610
13.36589,-6.950056,5.514126,9.275667,87.98488,0,25/09/2020 00:40:39,5661
2.702673,-7.836975,6.442729,8.706049,93.86117,0,25/09/2020 00:40:40,5712
12.16438,-0.7044203,19.95637,9.635261,342.2116,0,25/09/2020 00:40:41,5763
6.160647,0.1406085,30.40446,9.635261,237.0048,0,25/09/2020 00:40:42,5814
0.154853,1.62256,26.52752,9.635261,129.2143,0,25/09/2020 00:40:43,5865
0,5.740999,29.21233,9.635261,145.4821,0,25/09/2020 00:40:44,5916
9.083181,6.02756,23.4576,7.121473,194.4048,0,25/09/2020 00:40:45,5967
3.079463,1.052632,14.04416,7.121473,289.8826,0,25/09/2020 00:40:46,6018
0,4.725199,18.04156,7.121473,260.3492,0,25/09/2020 00:40:47,6069
0,-3.852147,19.08636,7.121473,315.1736,0,25/09/2020 00:40:48,6120
0,2.620601,18.95913,7.121473,371.5395,0,25/09/2020 00:40:49,6171
0,3.054229,13.30437,7.121473,125.9496,0,25/09/2020 00:40:50,6222
0,2.898663,18.12992,7.121473,327.8781,0,25/09/2020 00:40:51,6273
0,0.93018,22.81914,7.121473,181.5739,0,25/09/2020 00:40:52,6324
0.001329659,1.441139,20.40309,7.121473,193.3219,0,25/09/2020 00:40:53,6375
0,2.97128,18.62792,7.121473,146.553,0,25/09/2020 00:40:54,6426
0,4.596953,17.04726,7.121473,163.3683,0,25/09/2020 00:40:55,6477
0,-1.880522,13.47258,7.121473,362.587,0,25/09/2020 00:40:56,6528
0,3.1951,19.42368,7.121473,86.51733,0,25/09/2020 00:40:57,6579
0,5.81743,19.76462,7.121473,152.4345,0,25/09/2020 00:40:58,6630
0,0.9343444,16.65919,7.121473,154.4359,0,25/09/2020 00:40:59,6681
0.1137137,0.810737,14.44656,7.121473,373.1469,0,25/09/2020 00:41:00,6732
0,0.557366,23.21685,7.121473,44.39196,0,25/09/2020 00:41:01,6783
0,-1.358581,20.35209,7.121473,238.8738,0,25/09/2020 00:41:02,6834
8.534628,0.02749346,18.65602,5.063608,180.7767,0,25/09/2020 00:41:03,6885
9.640911,8.17212,19.7642,2.575872,361.4023,0,25/09/2020 00:41:04,6936
3.637186,10.7194,20.95565,2.575872,211.8902,0,25/09/2020 00:41:05,6987
0,13.86739,20.89268,2.575872,140.4371,0,25/09/2020 00:41:06,7038
8.611547,15.23593,17.94016,5.70427,144.5833,0,25/09/2020 00:41:07,7089
19.25775,33.71169,-2.931243,5.445075,285.5617,0,25/09/2020 00:41:08,7140
12.05476,36.55332,-7.293355,5.445075,291.7059,0,25/09/2020 00:41:09,7191
2.861934,32.42599,-10.00529,5.445075,306.6121,0,25/09/2020 00:41:10,7242
9.687498E-14,24.89428,-5.702334,5.445075,363.0665,0,25/09/2020 00:41:11,7293
1.125038E-05,23.53123,-4.04804,5.445075,395.9749,1,25/09/2020 00:41:12,7344
1.144409E-05,19.88573,-4.042184,5.445075,395.6868,1,25/09/2020 00:41:13,7395
9.687509E-14,19.85301,-6.406839,5.445075,382.1402,1,25/09/2020 00:41:14,7446
1.937497E-13,14.20734,-4.054286,5.445075,384.8155,3,25/09/2020 00:41:15,7497
1.937498E-13,20.35859,-4.101373,5.445075,105.421,4,25/09/2020 00:41:17,7548
0,18.00872,-8.191668,5.445075,225.8718,4,25/09/2020 00:41:18,7599
1.9375E-13,13.03495,-3.974772,5.445075,359.3898,5,25/09/2020 00:41:19,7650
8.563762,5.876251,2.466043,1.138684,341.9417,5,25/09/2020 00:41:20,7701
11.84683,0.7750049,17.55848,5.590042,153.9537,5,25/09/2020 00:41:21,7752
5.843106,-0.4500015,25.11518,5.590042,218.3694,5,25/09/2020 00:41:22,7803
0,-3.317346,18.28647,5.590042,256.2982,5,25/09/2020 00:41:23,7854
0,-8.105814,11.16619,5.590042,157.8157,5,25/09/2020 00:41:24,7905
0,-11.58614,10.12379,5.590042,280.4829,5,25/09/2020 00:41:25,7956
0,-7.583847,12.22574,5.590042,239.394,5,25/09/2020 00:41:26,8007
0,-15.5486,10.67908,5.590042,338.8977,5,25/09/2020 00:41:27,8058
11.90124,-2.934142,16.41592,0.9860448,86.79134,5,25/09/2020 00:41:28,8109
5.897512,4.054205,22.5697,0.9860448,269.8227,5,25/09/2020 00:41:29,8160
0,1.90823,21.79289,0.9860448,284.8838,5,25/09/2020 00:41:30,8211
0,1.222773,13.67557,0.9860448,273.9248,5,25/09/2020 00:41:31,8262
0,-6.106767,6.848341,0.9860448,271.929,5,25/09/2020 00:41:32,8313
2.423632,3.353315,8.091124,7.970214,91.7541,5,25/09/2020 00:41:33,8364
0,3.131893,8.500629,7.970214,206.0145,5,25/09/2020 00:41:34,8415
0,1.490139,12.90061,7.970214,293.4779,5,25/09/2020 00:41:35,8466
0,-6.689333,7.303383,7.970214,267.4736,5,25/09/2020 00:41:36,8517
0,1.479496,10.55872,7.970214,85.35022,5,25/09/2020 00:41:37,8568
0,3.458684,12.08149,7.970214,75.57878,5,25/09/2020 00:41:38,8619
0,2.715787,14.05102,7.970214,368.2556,5,25/09/2020 00:41:39,8670
0,-5.465722,16.18184,7.970214,242.922,5,25/09/2020 00:41:40,8721
0,-6.867914,10.59572,7.970214,346.6321,5,25/09/2020 00:41:41,8772
0,-8.888481,11.13362,7.970214,224.4498,5,25/09/2020 00:41:42,8823
0,-14.30614,5.148993,7.970214,322.3631,5,25/09/2020 00:41:43,8874
0,-10.51053,12.30397,7.970214,390.7926,5,25/09/2020 00:41:44,8925
0,-13.4069,13.16243,7.970214,191.1047,5,25/09/2020 00:41:45,8976
0,-5.360157,14.97312,7.970214,186.7211,5,25/09/2020 00:41:46,9027
0,-4.943419,11.12532,7.970214,162.6705,5,25/09/2020 00:41:47,9078
0,-5.23825,17.0527,7.970214,293.7469,5,25/09/2020 00:41:48,9129
7.844269,3.038135,18.29047,8.090255,107.2807,5,25/09/2020 00:41:49,9180
1.840552,1.837171,14.68752,8.090255,226.4574,5,25/09/2020 00:41:50,9231
0,3.318196,16.67068,8.090255,295.338,5,25/09/2020 00:41:51,9282
0,-1.95304,16.23286,8.090255,100.3604,5,25/09/2020 00:41:52,9333
0,-0.6707641,10.73924,8.090255,277.1001,5,25/09/2020 00:41:53,9384
0.1007968,-5.930845,7.194792,8.090255,189.5298,5,25/09/2020 00:41:54,9435
6.745921,-3.32874,3.80494,3.710671,96.11296,5,25/09/2020 00:41:55,9486
0.7421994,-4.530252,7.556367,3.710671,349.0866,5,25/09/2020 00:41:56,9537
0,-3.906765,8.114099,3.710671,378.8984,5,25/09/2020 00:41:57,9588
0,0.5885517,11.3411,3.710671,74.92953,5,25/09/2020 00:41:58,9639
0,-1.805514,11.67379,3.710671,345.5818,5,25/09/2020 00:41:59,9690
0,-7.075774,10.71043,3.710671,104.2559,5,25/09/2020 00:42:00,9741
0,-8.385168,15.01751,3.710671,296.9591,5,25/09/2020 00:42:01,9792
8.069605,-5.214338,24.295,7.895499,101.734,5,25/09/2020 00:42:02,9843
2.065889,-0.8811706,34.62044,7.895499,345.4167,5,25/09/2020 00:42:03,9894
0,-5.64769,29.63954,7.895499,73.80135,5,25/09/2020 00:42:04,9945
0,-9.322124,31.05699,7.895499,249.1616,5,25/09/2020 00:42:05,9996
0,-7.74687,30.70803,7.895499,220.3747,5,25/09/2020 00:42:06,10047
0,-5.845722,31.86683,7.895499,367.8735,5,25/09/2020 00:42:08,10098
0,-6.699287,26.26592,7.895499,385.744,5,25/09/2020 00:42:09,10149
0,-6.637774,25.06138,7.895499,145.5192,5,25/09/2020 00:42:10,10200
0,-7.14123,19.13119,7.895499,377.4031,5,25/09/2020 00:42:11,10251
0,-5.044109,22.60658,7.895499,128.1291,5,25/09/2020 00:42:12,10302
7.593129,5.317898,26.24375,10.82131,170.0425,5,25/09/2020 00:42:13,10353
6.52517,14.72056,18.77866,1.753006,155.1425,5,25/09/2020 00:42:14,10404
6.260029,11.11846,15.53107,7.43657,366.0073,5,25/09/2020 00:42:15,10455
0.2563077,4.998875,14.70433,7.43657,354.396,5,25/09/2020 00:42:16,10506
0,-0.2020312,16.64973,7.43657,383.6277,5,25/09/2020 00:42:17,10557
0,4.555856,13.70529,7.43657,367.9975,5,25/09/2020 00:42:18,10608
0,-4.013865,17.4025,7.43657,337.9174,5,25/09/2020 00:42:19,10659
16.61626,-12.9614,17.77522,5.715856,383.0596,5,25/09/2020 00:42:20,10710
10.61254,-22.94004,14.62227,5.715856,113.8028,5,25/09/2020 00:42:21,10761
4.608823,-23.56955,11.37157,5.715856,249.8088,5,25/09/2020 00:42:22,10812
0,-19.47621,11.11843,5.715856,51.51452,5,25/09/2020 00:42:23,10863
0,-17.52717,8.294134,5.715856,183.7784,5,25/09/2020 00:42:24,10914
0,-10.36551,4.853724,5.715856,52.52589,5,25/09/2020 00:42:25,10965
0,-6.512391,8.635171,5.715856,41.15727,5,25/09/2020 00:42:26,11016
0,-0.3662645,9.990698,5.715856,141.4557,5,25/09/2020 00:42:27,11067
7.156834,-7.145697,5.769431,8.48276,257.2662,5,25/09/2020 00:42:28,11118
1.153112,-9.425275,3.42278,8.48276,117.7554,5,25/09/2020 00:42:29,11169
7.265624E-14,-13.94308,1.561306,8.48276,320.4539,5,25/09/2020 00:42:30,11220
0,-5.697617,4.497954,8.48276,115.2313,6,25/09/2020 00:42:31,11271
0,3.097642,6.656849,8.48276,113.8484,6,25/09/2020 00:42:32,11322
0,2.195473,8.788303,8.48276,263.7414,6,25/09/2020 00:42:33,11373
0,-6.028749,10.12971,8.48276,321.4174,6,25/09/2020 00:42:34,11424
0,-14.5501,8.106259,8.48276,245.6309,6,25/09/2020 00:42:35,11475
0,-18.18008,9.246366,8.48276,94.55605,6,25/09/2020 00:42:36,11526
8.776906,-14.67785,11.16579,7.913943,74.10077,6,25/09/2020 00:42:37,11577
10.66953,-17.5896,1.068882,3.035698,105.9367,6,25/09/2020 00:42:38,11628
8.66757,-4.132361,1.762816,4.317703,172.673,7,25/09/2020 00:42:39,11679
2.663846,5.97476,9.690986,4.317703,110.837,7,25/09/2020 00:42:40,11730
9.687498E-14,5.51441,5.521899,4.317703,46.60129,7,25/09/2020 00:42:41,11781
0,3.743969,8.898844,4.317703,185.5482,7,25/09/2020 00:42:42,11832
0,9.988831,13.74661,4.317703,378.0827,7,25/09/2020 00:42:43,11883
0,5.489017,22.90673,4.317703,380.01,7,25/09/2020 00:42:44,11934
0,3.924394,24.97558,4.317703,40.8621,7,25/09/2020 00:42:45,11985
0,8.670148,23.94182,4.317703,135.0441,7,25/09/2020 00:42:46,12036
0,8.946178,19.75066,4.317703,313.0695,7,25/09/2020 00:42:47,12087
0,5.934274,14.13929,4.317703,266.7115,7,25/09/2020 00:42:48,12138
7.816967,0.8593373,15.72106,10.41709,324.7241,7,25/09/2020 00:42:49,12189
1.819144,1.193782,20.73055,10.41709,165.5899,7,25/09/2020 00:42:50,12240
0,-0.7863687,28.40098,10.41709,298.8785,7,25/09/2020 00:42:51,12291
0.6785266,-2.539745,30.91102,10.41709,170.8341,7,25/09/2020 00:42:52,12342
0,-3.044558,22.9139,10.41709,237.0295,7,25/09/2020 00:42:53,12393
0,-3.267238,24.93745,10.41709,254.2889,7,25/09/2020 00:42:54,12444
0,-5.749656,20.36314,10.41709,341.5034,7,25/09/2020 00:42:55,12495
0,-7.204193,13.99572,10.41709,124.8239,7,25/09/2020 00:42:56,12546
0,-7.893563,7.973947,10.41709,257.9724,7,25/09/2020 00:42:57,12597
4.536259,-4.73287,13.87082,10.96249,102.0839,7,25/09/2020 00:42:59,12648
0,2.128637,15.32791,10.96249,201.8601,7,25/09/2020 00:43:00,12699
0,0.8714226,16.61239,10.96249,357.5402,7,25/09/2020 00:43:01,12750
0,-5.29741,13.70227,10.96249,84.99726,7,25/09/2020 00:43:02,12801
0,-5.383015,22.02558,10.96249,378.1522,7,25/09/2020 00:43:03,12852
0,-5.962928,22.41908,10.96249,150.1756,7,25/09/2020 00:43:04,12903
0,-5.010858,16.58504,10.96249,194.8524,7,25/09/2020 00:43:05,12954
0,-3.925614,14.91255,10.96249,168.8909,7,25/09/2020 00:43:06,13005
0,-3.090651,16.59424,10.96249,85.79277,7,25/09/2020 00:43:07,13056
0,-6.922684,16.88493,10.96249,264.2651,7,25/09/2020 00:43:08,13107
0,-5.204345,18.51447,10.96249,392.1374,7,25/09/2020 00:43:09,13158
0,2.123999,19.26604,10.96249,64.43724,7,25/09/2020 00:43:10,13209
0,-4.683949,19.74519,10.96249,300.502,7,25/09/2020 00:43:11,13260
0,0.6143986,20.17921,10.96249,119.0897,7,25/09/2020 00:43:12,13311
0,-2.441301,26.62823,10.96249,175.1646,7,25/09/2020 00:43:13,13362
0,0.8982564,22.97598,10.96249,360.3662,7,25/09/2020 00:43:14,13413
5.890384,5.46732,24.86427,9.140762,354.7129,7,25/09/2020 00:43:15,13464
2.205973,4.362126,23.07154,5.186839,228.6525,7,25/09/2020 00:43:16,13515
8.162397,4.089548,15.90643,2.556304,330.2533,7,25/09/2020 00:43:17,13566
2.158683,-1.712942,21.50259,2.556304,367.3009,7,25/09/2020 00:43:18,13617
0,-4.028144,19.7199,2.556304,359.2298,7,25/09/2020 00:43:19,13668
0,-11.13229,21.95446,2.556304,360.0498,7,25/09/2020 00:43:20,13719
0,-9.609324,25.40326,2.556304,164.8074,7,25/09/2020 00:43:21,13770
0,-7.821082,16.99906,2.556304,365.8056,7,25/09/2020 00:43:22,13821
0,-7.12275,18.76599,2.556304,247.7595,7,25/09/2020 00:43:23,13872
0,-0.5509432,19.35057,2.556304,145.6296,7,25/09/2020 00:43:24,13923
0,-3.205733,20.02279,2.556304,292.5031,7,25/09/2020 00:43:25,13974
0,0.1219013,16.59182,2.556304,154.1295,7,25/09/2020 00:43:26,14025
0,2.662392,14.49409,2.556304,74.37169,7,25/09/2020 00:43:27,14076
0,-0.5509115,12.59632,2.556304,324.1641,7,25/09/2020 00:43:28,14127
0,-9.039145,17.17333,2.556304,361.4441,7,25/09/2020 00:43:29,14178
0,-4.980887,25.07238,2.556304,81.68726,7,25/09/2020 00:43:30,14229
0,-8.736349,30.30657,2.556304,307.8754,7,25/09/2020 00:43:31,14280
0,-11.77833,23.45534,2.556304,197.6915,7,25/09/2020 00:43:32,14331
0,-4.736603,26.52656,2.556304,167.3304,7,25/09/2020 00:43:33,14382
0,1.896192,18.93756,2.556304,174.5247,7,25/09/2020 00:43:34,14433
0,-0.8083993,20.54625,2.556304,189.2702,7,25/09/2020 00:43:35,14484
0.5836922,0.5887821,21.28127,2.556304,312.6314,7,25/09/2020 00:43:36,14535
0,-2.111818,20.35379,2.556304,273.2185,7,25/09/2020 00:43:37,14586
0,-4.682694,19.33047,2.556304,169.0562,7,25/09/2020 00:43:38,14637
0,2.123054,13.88594,2.556304,224.0438,7,25/09/2020 00:43:39,14688
0,-1.718421,17.54332,2.556304,371.7971,7,25/09/2020 00:43:40,14739
0,-9.73048,19.26753,2.556304,339.7585,7,25/09/2020 00:43:41,14790
0,-15.63889,24.54237,2.556304,44.50974,7,25/09/2020 00:43:42,14841
0,-17.47144,27.17495,2.556304,173.4083,7,25/09/2020 00:43:43,14892
0,-18.10005,18.54017,2.556304,140.8694,7,25/09/2020 00:43:44,14943
0,-13.26772,17.72095,2.556304,370.6255,7,25/09/2020 00:43:45,14994
0,-11.96678,17.97309,2.556304,368.8242,7,25/09/2020 00:43:46,15045
0,-11.71182,18.86313,2.556304,265.5277,7,25/09/2020 00:43:47,15096
0,-10.1504,22.59731,2.556304,105.4966,7,25/09/2020 00:43:48,15147
0,-11.38723,22.55196,2.556304,226.7866,7,25/09/2020 00:43:50,15198
0,-4.203383,26.22177,2.556304,124.7095,7,25/09/2020 00:43:51,15249
8.597836,0.6755118,30.28204,9.153339,380.439,7,25/09/2020 00:43:52,15300
2.59412,9.747847,34.10249,9.153339,167.9975,7,25/09/2020 00:43:53,15351
0,11.15847,30.94806,9.153339,193.0441,7,25/09/2020 00:43:54,15402
0,10.78311,27.38774,9.153339,181.792,7,25/09/2020 00:43:55,15453
0,10.19563,27.4833,9.153339,195.9917,7,25/09/2020 00:43:56,15504
0,6.993818,20.09949,9.153339,295.5243,7,25/09/2020 00:43:57,15555
0,4.01414,17.98278,9.153339,269.5663,7,25/09/2020 00:43:58,15606
0,1.105497,20.75172,9.153339,86.42574,7,25/09/2020 00:43:59,15657
0,-1.832579,18.94646,9.153339,361.0522,7,25/09/2020 00:44:00,15708
12.50147,-11.32855,35.04019,4.927175,74.142,7,25/09/2020 00:44:01,15759
0,-18.14752,32.18893,4.927175,211.8949,8,25/09/2020 00:44:02,15810
0,-20.51797,36.32414,4.927175,260.0917,9,25/09/2020 00:44:03,15861
0,-22.71302,27.30945,4.927175,239.2692,9,25/09/2020 00:44:04,15912
0,-16.05239,24.47904,4.927175,143.315,9,25/09/2020 00:44:05,15963
0,-15.10861,23.6773,4.927175,207.8545,9,25/09/2020 00:44:06,16014
0,-12.94408,16.25505,4.927175,186.5579,9,25/09/2020 00:44:07,16065
0,-12.45684,14.82519,4.927175,103.9503,9,25/09/2020 00:44:08,16116
0,-7.145919,10.76574,4.927175,45.23678,9,25/09/2020 00:44:09,16167
0,-7.483432,18.55626,4.927175,83.64584,9,25/09/2020 00:44:10,16218
0,-5.17818,17.9941,4.927175,287.4236,9,25/09/2020 00:44:11,16269
0,-6.845197,17.47248,4.927175,177.5541,9,25/09/2020 00:44:12,16320
0,-8.098773,15.50903,4.927175,280.7957,9,25/09/2020 00:44:13,16371
0,-13.04227,7.056206,4.927175,266.7797,9,25/09/2020 00:44:14,16422
9.687499E-14,-17.36251,4.636501,4.927175,154.5522,9,25/09/2020 00:44:15,16473
4.586082,-13.40573,15.58037,6.780406,127.4484,9,25/09/2020 00:44:16,16524
0,-8.685465,24.05924,6.780406,59.93874,9,25/09/2020 00:44:17,16575
11.75834,1.032856,31.11152,5.956614,235.0201,9,25/09/2020 00:44:18,16626
5.754612,5.170827,16.55812,5.956614,225.0987,9,25/09/2020 00:44:19,16677
0,12.22003,17.67407,5.956614,296.1069,9,25/09/2020 00:44:20,16728
0,2.982015,15.5309,5.956614,323.798,9,25/09/2020 00:44:21,16779
11.31222,16.87976,22.96056,4.694194,158.5062,9,25/09/2020 00:44:22,16830
5.308499,20.21841,23.17396,4.694194,253.4822,9,25/09/2020 00:44:23,16881
8.947481,19.16187,22.35774,9.13721,84.45596,9,25/09/2020 00:44:24,16932
12.36931,26.60754,33.18162,6.730536,241.1675,9,25/09/2020 00:44:25,16983
0,25.78428,36.62374,9.784207,110.24,10,25/09/2020 00:44:26,17034
0,21.96537,29.77396,9.784207,247.0254,10,25/09/2020 00:44:27,17085
0,18.38202,25.12262,9.784207,348.9155,10,25/09/2020 00:44:28,17136
0,15.0921,28.38838,9.784207,319.0074,10,25/09/2020 00:44:29,17187
0,6.667763,31.32024,9.784207,368.8937,10,25/09/2020 00:44:30,17238
0,4.174778,28.99618,9.784207,289.3821,10,25/09/2020 00:44:31,17289
0,7.353785,22.40724,9.784207,189.4277,10,25/09/2020 00:44:32,17340
0,6.319768,15.11459,9.784207,213.1151,10,25/09/2020 00:44:33,17391
4.533689,5.604708,20.15111,1.705021,227.3668,10,25/09/2020 00:44:34,17442
0,4.572771,21.58937,1.705021,335.515,10,25/09/2020 00:44:35,17493
0,-1.875966,21.78988,1.705021,66.30331,10,25/09/2020 00:44:36,17544
0,0.4023804,18.36474,1.705021,183.0534,10,25/09/2020 00:44:37,17595
0,-2.592169,19.89841,1.705021,86.79008,10,25/09/2020 00:44:38,17646
0,5.207685,17.94002,1.705021,140.9733,10,25/09/2020 00:44:39,17697
0,7.325208,18.01101,1.705021,81.28732,10,25/09/2020 00:44:41,17748
0,7.540395,19.43935,1.705021,377.998,10,25/09/2020 00:44:42,17799
0,13.17641,16.10373,1.705021,232.98,10,25/09/2020 00:44:43,17850
0,13.5156,11.69242,1.705021,346.196,10,25/09/2020 00:44:44,17901
0,9.532339,18.08021,1.705021,318.1146,10,25/09/2020 00:44:45,17952
0,6.667166,18.31994,1.705021,360.9397,10,25/09/2020 00:44:46,18003
0.01726849,-1.32473,21.87164,1.705021,292.2563,10,25/09/2020 00:44:47,18054
0,2.752742,17.49427,1.705021,257.2986,10,25/09/2020 00:44:48,18105
0,-6.127802,16.09054,1.705021,323.2363,10,25/09/2020 00:44:49,18156
0,-2.751033,13.45036,1.705021,329.5972,10,25/09/2020 00:44:50,18207
0,-8.725281,20.84109,1.705021,386.9774,10,25/09/2020 00:44:51,18258
0,-9.434039,24.54915,1.705021,273.2595,10,25/09/2020 00:44:52,18309
0,-11.47733,23.18033,1.705021,252.3546,10,25/09/2020 00:44:53,18360
0,-9.301597,18.8544,1.705021,142.1001,10,25/09/2020 00:44:54,18411
0,-2.812647,23.75105,1.705021,331.2625,10,25/09/2020 00:44:55,18462
0,-7.790323,25.87644,1.705021,114.3325,10,25/09/2020 00:44:56,18513
0,-0.3002702,25.70494,1.705021,268.6345,10,25/09/2020 00:44:57,18564
0,-9.418978,24.42461,1.705021,323.0892,10,25/09/2020 00:44:58,18615
0,-2.827336,21.90585,1.705021,149.0254,10,25/09/2020 00:44:59,18666
0,7.017618,21.20786,1.705021,117.6349,10,25/09/2020 00:45:00,18717
16.68378,-3.178461,18.84643,7.694572,344.9829,10,25/09/2020 00:45:01,18768
8.732537,-17.78085,35.84166,10.53815,171.0905,10,25/09/2020 00:45:02,18819
0.1421588,-21.25797,35.49814,10.53815,274.3225,10,25/09/2020 00:45:03,18870
0,-14.97143,32.34157,10.53815,160.185,10,25/09/2020 00:45:04,18921
0,-9.882254,29.94388,10.53815,345.994,10,25/09/2020 00:45:05,18972
0,-14.72803,27.98118,10.53815,93.80899,10,25/09/2020 00:45:06,19023
0,-5.871936,27.97504,10.53815,172.46,10,25/09/2020 00:45:07,19074
0.0008392634,1.725892,26.98734,10.53815,213.5965,10,25/09/2020 00:45:08,19125
0,-0.3495408,29.9547,10.53815,345.5998,10,25/09/2020 00:45:09,19176
0.007166877,3.534369,25.07616,10.53815,174.8618,10,25/09/2020 00:45:10,19227
0,3.033812,27.69165,10.53815,63.12997,10,25/09/2020 00:45:11,19278
0,7.576026,24.24276,10.53815,265.3483,10,25/09/2020 00:45:12,19329
0,6.863056,19.27486,10.53815,143.2625,10,25/09/2020 00:45:13,19380
0,9.982823,17.78452,10.53815,275.8645,10,25/09/2020 00:45:14,19431
10,2.862453,15.32589,9.897532,363.447,10,25/09/2020 00:45:15,19482
3.680401,-2.337434,23.92221,9.897532,337.4738,10,25/09/2020 00:45:16,19533
0,0.0814773,24.77991,9.897532,295.1924,10,25/09/2020 00:45:17,19584
0,-3.869832,19.28211,9.897532,172.0723,10,25/09/2020 00:45:18,19635
0,-4.144197,18.146,9.897532,146.8337,10,25/09/2020 00:45:19,19686
11.23957,-6.284855,11.46008,1.422624,49.9272,10,25/09/2020 00:45:20,19737
5.23585,-7.904129,14.52079,1.422624,70.48751,10,25/09/2020 00:45:21,19788
0,-4.113169,18.72699,1.422624,129.3259,10,25/09/2020 00:45:22,19839
0,-5.686182,16.76514,1.422624,384.1116,10,25/09/2020 00:45:23,19890
0,0.5648017,21.69835,1.422624,201.7311,10,25/09/2020 00:45:24,19941
0,-1.502396,16.04442,1.422624,204.3449,10,25/09/2020 00:45:25,19992
7.697437,2.346221,15.573,4.265771,133.5155,10,25/09/2020 00:45:26,20043
1.693722,10.23463,18.17751,4.265771,117.6489,10,25/09/2020 00:45:27,20094
0,4.225414,15.94566,4.265771,260.0125,10,25/09/2020 00:45:28,20145
11.29255,-5.893473,18.21482,3.35979,80.00645,10,25/09/2020 00:45:29,20196
19.54266,-11.86918,31.09794,3.74974,174.881,10,25/09/2020 00:45:30,20247
1.907349E-07,-14.21955,36.7148,3.74974,78.01144,11,25/09/2020 00:45:32,20298
0,-13.68626,34.74885,3.74974,209.8969,11,25/09/2020 00:45:33,20349
0,-17.21132,36.65314,3.74974,339.811,12,25/09/2020 00:45:34,20400
0,-19.51592,36.74629,3.74974,96.85828,12,25/09/2020 00:45:35,20451
0,-14.03959,30.13071,3.74974,392.4161,12,25/09/2020 00:45:36,20502
0,-14.94265,32.40139,3.74974,82.91754,12,25/09/2020 00:45:37,20553
0,-18.36431,25.65644,3.74974,246.317,12,25/09/2020 00:45:38,20604
0,-18.86644,21.6621,3.74974,305.8905,12,25/09/2020 00:45:39,20655
0,-21.63742,16.50825,3.74974,375.8862,12,25/09/2020 00:45:40,20706
0,-16.31248,17.59871,3.74974,170.9108,12,25/09/2020 00:45:41,20757
0,-14.0137,16.30928,3.74974,77.59895,12,25/09/2020 00:45:42,20808
0,-5.439082,20.33705,3.74974,95.57097,12,25/09/2020 00:45:43,20859
0,-6.417068,19.46773,3.74974,156.8904,12,25/09/2020 00:45:44,20910
0,-5.208004,18.92529,3.74974,191.6583,12,25/09/2020 00:45:45,20961
0,-4.165382,17.44533,3.74974,254.1897,12,25/09/2020 00:45:46,21012
0,-7.030075,22.47173,3.74974,214.9352,12,25/09/2020 00:45:47,21063
0.104518,-7.696734,14.46278,3.74974,289.7476,12,25/09/2020 00:45:48,21114
0,-10.17287,17.83293,3.74974,296.3011,12,25/09/2020 00:45:49,21165
0,-7.780215,17.14021,3.74974,181.4524,12,25/09/2020 00:45:50,21216
0,-0.4004089,15.19218,3.74974,49.07566,12,25/09/2020 00:45:51,21267
0,-5.378283,22.81584,3.74974,368.6306,12,25/09/2020 00:45:52,21318
4.374219E-09,-0.09923177,24.63269,3.74974,251.0723,12,25/09/2020 00:45:53,21369
0,3.665092,26.56211,3.74974,52.60921,12,25/09/2020 00:45:54,21420
0,1.003807,22.66675,3.74974,90.0547,12,25/09/2020 00:45:55,21471
0,0.1852072,30.74823,3.74974,250.0972,12,25/09/2020 00:45:56,21522
0,-3.201613,27.35901,3.74974,164.2809,12,25/09/2020 00:45:57,21573
0,-3.422328,33.93562,3.74974,108.7298,12,25/09/2020 00:45:58,21624
0,-4.280393,34.96262,3.74974,238.1464,12,25/09/2020 00:45:59,21675
0,-9.401874,32.80323,3.74974,217.661,12,25/09/2020 00:46:00,21726
0,-11.31947,23.02152,3.74974,246.1656,12,25/09/2020 00:46:01,21777
0,-6.591282,19.12442,3.74974,339.1633,12,25/09/2020 00:46:02,21828
0,-2.753223,24.04612,3.74974,72.73211,12,25/09/2020 00:46:03,21879
0,-1.998569,24.81281,3.74974,160.2381,12,25/09/2020 00:46:04,21930
0,-1.009699,23.31726,3.74974,244.0473,12,25/09/2020 00:46:05,21981
7.822286,-8.337984,18.52399,4.524946,258.9701,12,25/09/2020 00:46:06,22032
1.697128,-16.21565,12.69711,4.524946,387.1432,12,25/09/2020 00:46:07,22083
0,-16.52607,21.83064,4.524946,75.51371,12,25/09/2020 00:46:08,22134
0,-13.81066,18.32079,4.524946,254.9253,12,25/09/2020 00:46:09,22185
0,-13.20012,12.84194,4.524946,250.511,12,25/09/2020 00:46:10,22236
0,-13.90012,18.56807,4.524946,285.6633,12,25/09/2020 00:46:11,22287
0,-14.92676,16.66711,4.524946,60.63197,12,25/09/2020 00:46:12,22338
0,-16.57576,22.11827,4.524946,387.4545,12,25/09/2020 00:46:13,22389
0,-23.87618,27.16698,4.524946,354.5366,12,25/09/2020 00:46:14,22440
0,-20.22282,23.70977,4.524946,258.3778,12,25/09/2020 00:46:15,22491
0,-17.24205,27.66785,4.524946,145.0568,12,25/09/2020 00:46:16,22542
8.061373,-8.176285,25.97998,10.15452,77.43979,12,25/09/2020 00:46:17,22593
0.4950225,1.487348,22.19038,10.15452,218.5897,12,25/09/2020 00:46:18,22644
0,1.238221,20.34169,10.15452,144.3195,12,25/09/2020 00:46:19,22695
0,0.3560637,24.98442,10.15452,166.8714,12,25/09/2020 00:46:20,22746
0,2.618513,22.38819,10.15452,364.4028,12,25/09/2020 00:46:21,22797
6.719531,-1.748621,19.07187,1.076533,158.9188,12,25/09/2020 00:46:23,22848
0.7158111,-0.09086479,18.36671,1.076533,379.3662,12,25/09/2020 00:46:24,22899
0,7.507969,20.52849,1.076533,69.06554,12,25/09/2020 00:46:25,22950
0,10.55163,17.14134,1.076533,373.2646,12,25/09/2020 00:46:26,23001
0,9.613402,26.23036,1.076533,373.8544,12,25/09/2020 00:46:27,23052
0,2.048395,32.06504,1.076533,42.18555,12,25/09/2020 00:46:28,23103
0,3.980966,34.69365,1.076533,264.0432,12,25/09/2020 00:46:29,23154
0,-3.355917,36.26372,1.076533,157.5381,12,25/09/2020 00:46:30,23205
0,-1.242146,37.80516,1.076533,308.3385,12,25/09/2020 00:46:31,23256
0,-5.415561,29.86422,1.076533,187.4207,12,25/09/2020 00:46:32,23307
0,0.9874021,25.92889,1.076533,99.78761,12,25/09/2020 00:46:33,23358
0,-4.742682,23.55804,1.076533,187.6213,12,25/09/2020 00:46:34,23409
0,-4.480496,25.71239,1.076533,85.5888,12,25/09/2020 00:46:35,23460
0,-6.30889,19.16069,1.076533,330.2357,12,25/09/2020 00:46:36,23511
0,-7.196478,20.40673,1.076533,193.5066,12,25/09/2020 00:46:37,23562
0,-0.9001588,12.46261,1.076533,170.9618,12,25/09/2020 00:46:38,23613
0,1.303625,15.51509,1.076533,166.6048,12,25/09/2020 00:46:39,23664
0,6.894953,19.10926,1.076533,398.2257,12,25/09/2020 00:46:40,23715
0,8.324806,12.17454,1.076533,285.7058,12,25/09/2020 00:46:41,23766
0,6.298185,11.56772,1.076533,227.6462,12,25/09/2020 00:46:42,23817
0,5.60136,20.04954,1.076533,385.5249,12,25/09/2020 00:46:43,23868
0,8.157024,19.77464,1.076533,110.4796,12,25/09/2020 00:46:44,23919
0,4.960375,23.0093,1.076533,170.4854,12,25/09/2020 00:46:45,23970
0,-0.5748808,25.82721,1.076533,328.6841,12,25/09/2020 00:46:46,24021
4.968113,-5.717967,25.82702,7.200052,204.9594,12,25/09/2020 00:46:47,24072
0,-5.788155,23.97256,7.200052,326.1852,12,25/09/2020 00:46:48,24123
0,-2.351116,26.21805,7.200052,109.2739,12,25/09/2020 00:46:49,24174
0,6.170892,27.44174,7.200052,358.3581,12,25/09/2020 00:46:50,24225
0,6.894479,24.30006,7.200052,155.6744,12,25/09/2020 00:46:51,24276
0.2790785,6.831408,30.26548,7.200052,285.2458,12,25/09/2020 00:46:52,24327
0,6.0976,23.71312,7.200052,158.6746,12,25/09/2020 00:46:53,24378
0,-0.6608044,20.23734,7.200052,370.2646,12,25/09/2020 00:46:54,24429
0,-0.9385408,26.80734,7.200052,102.6308,12,25/09/2020 00:46:55,24480
0,0.6306332,23.65207,7.200052,143.0579,12,25/09/2020 00:46:56,24531
0,2.178251,24.08672,7.200052,149.892,12,25/09/2020 00:46:57,24582
0,6.258911,21.41146,7.200052,56.55102,12,25/09/2020 00:46:58,24633
0,0.6270526,17.31199,7.200052,253.4627,12,25/09/2020 00:46:59,24684
0,1.299901,14.33982,7.200052,43.24252,12,25/09/2020 00:47:00,24735
0,5.71959,17.61362,7.200052,40.98037,12,25/09/2020 00:47:01,24786
0,9.896677,26.54753,7.200052,74.63017,12,25/09/2020 00:47:02,24837
0,7.879101,18.32315,7.200052,209.5918,12,25/09/2020 00:47:03,24888
0,6.852942,20.50904,7.200052,76.44614,12,25/09/2020 00:47:04,24939
4.535218,-6.472213,26.64522,10.92409,350.3495,12,25/09/2020 00:47:05,24990
0,-1.851988,27.04829,10.92409,244.0085,12,25/09/2020 00:47:06,25041
13.24897,-3.507205,14.25625,5.74913,86.52052,12,25/09/2020 00:47:07,25092
20.69711,-3.264131,4.485628,7.637529,250.6213,12,25/09/2020 00:47:08,25143
17.92578,8.15968,-0.4716906,7.333313,55.0692,12,25/09/2020 00:47:09,25194
11.33151,0.6033944,17.42772,3.71516,45.58615,12,25/09/2020 00:47:10,25245
5.327786,-8.770024,31.29388,3.71516,339.5293,12,25/09/2020 00:47:11,25296
0,-6.085693,34.35936,3.71516,350.7978,12,25/09/2020 00:47:12,25347
0,-6.840102,36.17635,3.71516,172.4993,13,25/09/2020 00:47:14,25398
0,-10.9367,31.41117,3.71516,134.7632,13,25/09/2020 00:47:15,25449
0,-5.773456,25.3427,3.71516,228.787,13,25/09/2020 00:47:16,25500
0,-6.739798,32.48035,3.71516,85.43109,13,25/09/2020 00:47:17,25551
0,-5.501576,33.44904,3.71516,262.6516,13,25/09/2020 00:47:18,25602
0,-12.90379,27.11861,3.71516,245.9205,13,25/09/2020 00:47:19,25653
0,-5.439591,22.99043,3.71516,165.4889,13,25/09/2020 00:47:20,25704
0,-0.8172471,22.10436,3.71516,201.2686,13,25/09/2020 00:47:21,25755
0,3.524867,17.68345,3.71516,268.7327,13,25/09/2020 00:47:22,25806
0,8.338047,16.71184,3.71516,104.4961,13,25/09/2020 00:47:23,25857
0,8.815787,16.19276,3.71516,362.8204,13,25/09/2020 00:47:24,25908
0,3.555496,21.15959,3.71516,41.98265,13,25/09/2020 00:47:25,25959
0,10.39872,19.47231,3.71516,125.9546,13,25/09/2020 00:47:26,26010
0,10.66169,19.29864,3.71516,294.2685,13,25/09/2020 00:47:27,26061
14.34745,3.854375,26.46006,3.614625,212.4256,13,25/09/2020 00:47:28,26112
17.16473,-8.620255,37.96053,6.057635,209.1774,13,25/09/2020 00:47:29,26163
0,-8.577641,31.67897,6.057635,287.0669,14,25/09/2020 00:47:30,26214
16.30668,-3.280537,31.42655,6.126415,226.1463,14,25/09/2020 00:47:31,26265
13.08265,9.138041,26.38654,10.74037,254.1947,14,25/09/2020 00:47:32,26316
7.078945,17.82038,21.89212,10.74037,221.1268,14,25/09/2020 00:47:33,26367
1.075222,17.57021,22.57736,10.74037,310.39,14,25/09/2020 00:47:34,26418
0,18.09949,21.01319,10.74037,198.328,14,25/09/2020 00:47:35,26469
0,11.7809,21.9704,10.74037,344.8785,14,25/09/2020 00:47:36,26520
0,3.484268,20.01412,10.74037,229.9364,14,25/09/2020 00:47:37,26571
0,0.1460663,11.19975,10.74037,49.88673,14,25/09/2020 00:47:38,26622
0,-3.809481,10.19313,10.74037,273.0729,14,25/09/2020 00:47:39,26673
0,-0.2981154,11.18347,10.74037,349.9885,14,25/09/2020 00:47:40,26724
0.04350664,-1.614443,16.44254,10.74037,343.4026,14,25/09/2020 00:47:41,26775
0,-5.336172,22.42957,10.74037,262.1772,14,25/09/2020 00:47:42,26826
0,-2.400076,14.84222,10.74037,191.3457,14,25/09/2020 00:47:43,26877
0,-2.405142,13.28399,10.74037,84.63741,14,25/09/2020 00:47:44,26928
0,-0.02468084,16.53106,10.74037,147.0592,14,25/09/2020 00:47:45,26979
0,-4.475013,16.51952,10.74037,262.7449,14,25/09/2020 00:47:46,27030
0,-4.863916,15.41172,10.74037,191.5853,14,25/09/2020 00:47:47,27081
0,-3.917947,17.58311,10.74037,67.50217,14,25/09/2020 00:47:48,27132
4.685326,1.920753,16.19383,3.502229,86.60841,14,25/09/2020 00:47:49,27183
0,1.261884,22.37308,3.502229,365.4738,14,25/09/2020 00:47:50,27234
0,-6.117362,24.66076,3.502229,176.7074,14,25/09/2020 00:47:51,27285
0,-9.448165,21.32778,3.502229,251.976,14,25/09/2020 00:47:52,27336
0,-13.12008,18.79955,3.502229,162.5496,14,25/09/2020 00:47:53,27387
0,-11.47251,17.15989,3.502229,173.1941,14,25/09/2020 00:47:54,27438
5.957074,-4.479631,27.454,8.01837,160.5563,14,25/09/2020 00:47:55,27489
0,0.0733524,31.1378,8.01837,356.4237,14,25/09/2020 00:47:56,27540
0,0.9201741,26.48505,8.01837,64.22504,14,25/09/2020 00:47:57,27591
0.02773046,-1.25479,21.69891,8.01837,209.0899,14,25/09/2020 00:47:58,27642
0,2.556097,16.30104,8.01837,83.37143,14,25/09/2020 00:47:59,27693
0,-5.340038,16.49742,8.01837,333.8126,14,25/09/2020 00:48:00,27744
0,-7.051892,17.0749,8.01837,255.5943,14,25/09/2020 00:48:01,27795
0,-5.867074,16.04267,8.01837,373.1632,14,25/09/2020 00:48:02,27846
0,-9.660552,16.42745,8.01837,200.1277,14,25/09/2020 00:48:03,27897
0.1509833,-9.045964,21.05273,8.01837,239.3909,14,25/09/2020 00:48:05,27948
0,-4.514717,18.19875,8.01837,88.58232,14,25/09/2020 00:48:06,27999
0,-0.2497095,18.57866,8.01837,259.1443,14,25/09/2020 00:48:07,28050
0,3.597135,17.7143,8.01837,315.8824,14,25/09/2020 00:48:08,28101
0,-0.3893639,20.75281,8.01837,139.1154,14,25/09/2020 00:48:09,28152
1.616878E-07,-4.417478,20.51101,8.01837,102.2258,14,25/09/2020 00:48:10,28203
0,2.635013,25.19303,8.01837,40.91684,14,25/09/2020 00:48:11,28254
0,-3.713031,20.31052,8.01837,290.3547,14,25/09/2020 00:48:12,28305
0,-3.563636,12.89209,8.01837,208.3111,14,25/09/2020 00:48:13,28356
0,1.078826,7.934416,8.01837,349.9361,14,25/09/2020 00:48:14,28407
0,-0.5174899,9.60818,8.01837,270.9632,14,25/09/2020 00:48:15,28458
0,-2.912431,11.70883,8.01837,145.2844,14,25/09/2020 00:48:16,28509
0,-8.175411,12.15786,8.01837,295.6605,14,25/09/2020 00:48:17,28560
0,-5.290243,13.71002,8.01837,268.6974,14,25/09/2020 00:48:18,28611
0,-8.84604,18.84403,8.01837,388.3549,14,25/09/2020 00:48:19,28662
0,-9.127149,20.82279,8.01837,338.3215,14,25/09/2020 00:48:20,28713
0,-12.23089,19.90831,8.01837,256.2045,14,25/09/2020 00:48:21,28764
0,-15.61522,19.94855,8.01837,290.2795,14,25/09/2020 00:48:22,28815
15.80732,-7.131831,13.81721,5.974776,379.3135,14,25/09/2020 00:48:23,28866
16.03947,9.511752,12.40998,10.28858,68.05862,14,25/09/2020 00:48:24,28917
19.34719,30.4908,14.7888,7.611415,338.8979,14,25/09/2020 00:48:25,28968
13.34346,39.24632,17.21908,7.611415,239.6187,14,25/09/2020 00:48:26,29019
7.339758,41.86955,18.30456,7.611415,338.9235,14,25/09/2020 00:48:27,29070
1.336034,37.14186,16.96238,7.611415,216.9227,14,25/09/2020 00:48:28,29121
0,32.75632,10.50829,7.611415,237.9501,14,25/09/2020 00:48:29,29172
0,26.33635,10.73953,7.611415,56.15656,14,25/09/2020 00:48:30,29223
0,21.8284,16.26291,7.611415,365.3946,14,25/09/2020 00:48:31,29274
0,18.45576,9.640758,7.611415,306.1709,14,25/09/2020 00:48:32,29325
0,14.58287,10.90813,7.611415,121.8061,14,25/09/2020 00:48:33,29376
5.588534,4.506273,13.19014,10.70114,373.0415,14,25/09/2020 00:48:34,29427
0,1.713661,17.29638,10.70114,339.2922,14,25/09/2020 00:48:35,29478
0,-3.175676,14.77939,10.70114,189.3388,14,25/09/2020 00:48:36,29529
0,0.4675934,18.3611,10.70114,106.1083,14,25/09/2020 00:48:37,29580
0,2.068274,19.66929,10.70114,80.14822,14,25/09/2020 00:48:38,29631
0,-1.730824,15.56916,10.70114,322.7466,14,25/09/2020 00:48:39,29682
0,-5.431925,18.23804,10.70114,153.8908,14,25/09/2020 00:48:40,29733
0,-3.842838,24.9625,10.70114,181.737,14,25/09/2020 00:48:41,29784
0,0.4405839,26.85038,10.70114,120.2876,14,25/09/2020 00:48:42,29835
0,1.442502,28.45622,10.70114,175.858,14,25/09/2020 00:48:43,29886
8.75739,-0.9207541,32.07773,10.37257,335.872,14,25/09/2020 00:48:44,29937
27.75247,-29.9508,30.68157,1.442007,172.5657,14,25/09/2020 00:48:45,29988
12.05498,-36.44741,31.5844,1.442007,108.7531,14,25/09/2020 00:48:46,30039
6.051256,-39.08009,34.09994,1.442007,125.0991,14,25/09/2020 00:48:47,30090
0.04739353,-41.61674,33.39373,1.442007,132.3385,14,25/09/2020 00:48:48,30141
0,-34.62544,28.27122,1.442007,218.2328,14,25/09/2020 00:48:49,30192
0,-29.3339,24.80555,1.442007,72.51369,14,25/09/2020 00:48:50,30243
0,-28.4412,32.52526,1.442007,82.79922,14,25/09/2020 00:48:51,30294
0,-20.69044,33.85006,1.442007,372.1118,14,25/09/2020 00:48:52,30345
0,-20.76923,35.02306,1.442007,80.4987,15,25/09/2020 00:48:53,30396
0,-17.75845,35.53756,1.442007,173.945,16,25/09/2020 00:48:54,30447
0,-12.69806,29.06484,1.442007,140.1374,16,25/09/2020 00:48:56,30498
0,-14.83545,26.85687,1.442007,264.1565,16,25/09/2020 00:48:57,30549
0,-9.215244,27.12877,1.442007,134.5211,16,25/09/2020 00:48:58,30600
0,-7.343707,20.42653,1.442007,98.46884,16,25/09/2020 00:48:59,30651
0,-1.71602,20.22279,1.442007,325.8727,16,25/09/2020 00:49:00,30702
0,-8.428329,21.5976,1.442007,43.82745,16,25/09/2020 00:49:01,30753
0,-9.307262,17.0243,1.442007,355.2546,16,25/09/2020 00:49:02,30804
0,-15.76197,13.58564,1.442007,249.8467,16,25/09/2020 00:49:03,30855
0,-16.06794,13.90444,1.442007,301.7511,16,25/09/2020 00:49:04,30906
0,-13.5383,17.25702,1.442007,124.151,16,25/09/2020 00:49:05,30957
0,-4.144562,18.1464,1.442007,76.23479,16,25/09/2020 00:49:06,31008
5.566703,6.055063,16.66252,1.154789,80.32343,16,25/09/2020 00:49:07,31059
0,8.840017,20.11166,1.154789,172.4584,16,25/09/2020 00:49:08,31110
0,9.474474,12.04424,1.154789,309.8762,16,25/09/2020 00:49:09,31161
0,5.212325,17.83935,1.154789,362.7197,16,25/09/2020 00:49:10,31212
0,4.198796,19.21407,1.154789,349.2005,16,25/09/2020 00:49:11,31263
0,3.400144,21.18048,1.154789,383.8006,16,25/09/2020 00:49:12,31314
0,4.690477,29.10116,1.154789,85.89775,16,25/09/2020 00:49:13,31365
0,7.652215,27.825,1.154789,280.1801,16,25/09/2020 00:49:14,31416
0,1.873595,26.79623,1.154789,290.7997,16,25/09/2020 00:49:15,31467
0,1.731438,26.89838,1.154789,185.4132,16,25/09/2020 00:49:16,31518
0,2.149362,20.27085,1.154789,246.5965,16,25/09/2020 00:49:17,31569
7.427083,-9.209107,17.68376,4.096419,303.159,16,25/09/2020 00:49:18,31620
10.18649,-14.60812,15.12939,8.436435,247.4467,16,25/09/2020 00:49:19,31671
13.33642,-21.73857,1.551683,7.247471,112.1184,16,25/09/2020 00:49:20,31722
9.687475E-14,-18.94614,3.09989,7.247471,290.87,17,25/09/2020 00:49:21,31773
0,-13.7505,8.414778,7.247471,64.72195,17,25/09/2020 00:49:22,31824
0,-6.322927,14.51089,7.247471,117.9209,17,25/09/2020 00:49:23,31875
0,-3.945771,14.62062,7.247471,191.4397,17,25/09/2020 00:49:24,31926
0,-7.506214,12.73199,7.247471,263.7844,17,25/09/2020 00:49:25,31977
0.001003919,-3.997437,9.535238,7.247471,179.9979,17,25/09/2020 00:49:26,32028
0,2.09269,9.761613,7.247471,148.1595,17,25/09/2020 00:49:27,32079
0,10.98477,8.478571,7.247471,81.10798,17,25/09/2020 00:49:28,32130
0,12.68325,13.62093,7.247471,123.195,17,25/09/2020 00:49:29,32181
0,10.55378,11.67878,7.247471,277.2899,17,25/09/2020 00:49:30,32232
0,1.171308,8.415858,7.247471,311.4441,17,25/09/2020 00:49:31,32283
0,-1.705131,13.45157,7.247471,361.6649,17,25/09/2020 00:49:32,32334
0,-1.55299,19.63171,7.247471,279.9146,17,25/09/2020 00:49:33,32385
0,-4.172052,18.89693,7.247471,210.7498,17,25/09/2020 00:49:34,32436
0,-10.67629,15.72592,7.247471,264.0003,17,25/09/2020 00:49:35,32487
0,-5.827626,14.25769,7.247471,160.5301,17,25/09/2020 00:49:36,32538
0,-4.593446,15.17517,7.247471,120.3387,17,25/09/2020 00:49:37,32589
0,-1.435922,21.95646,7.247471,373.989,17,25/09/2020 00:49:38,32640
0,4.206832,23.86552,7.247471,252.5048,17,25/09/2020 00:49:39,32691
0,-2.161082,26.99392,7.247471,270.6661,17,25/09/2020 00:49:40,32742
0,-6.880341,18.64058,7.247471,223.4036,17,25/09/2020 00:49:41,32793
0,-13.59117,16.54395,7.247471,215.304,17,25/09/2020 00:49:42,32844
0,-18.46074,14.74014,7.247471,372.9467,17,25/09/2020 00:49:43,32895
0,-13.79805,17.84347,7.247471,294.4258,17,25/09/2020 00:49:44,32946
0,-12.8483,20.82111,7.247471,395.1545,17,25/09/2020 00:49:45,32997
0,-10.84103,26.87783,7.247471,117.5356,17,25/09/2020 00:49:47,33048
0,-13.79127,21.73668,7.247471,249.5091,17,25/09/2020 00:49:48,33099
0,-11.56357,21.80557,7.247471,179.4968,17,25/09/2020 00:49:49,33150
0,-17.27862,22.9214,7.247471,99.40067,17,25/09/2020 00:49:50,33201
0,-7.739332,24.55659,7.247471,150.7744,17,25/09/2020 00:49:51,33252
0,-9.157596,31.32332,7.247471,88.91725,17,25/09/2020 00:49:52,33303
0,-3.873307,31.60198,7.247471,245.1538,17,25/09/2020 00:49:53,33354
0,-4.963869,27.8541,7.247471,162.6165,17,25/09/2020 00:49:54,33405
0,-3.856012,30.52147,7.247471,329.5826,17,25/09/2020 00:49:55,33456
7.649174E-09,-3.193228,30.1321,7.247471,139.2704,17,25/09/2020 00:49:56,33507
0,-0.03982633,31.47967,7.247471,159.3113,17,25/09/2020 00:49:57,33558
0,3.663694,29.58234,7.247471,214.0074,17,25/09/2020 00:49:58,33609
0,9.462139,21.75396,7.247471,186.8835,17,25/09/2020 00:49:59,33660
0,6.693871,19.32131,7.247471,270.3134,17,25/09/2020 00:50:00,33711
16.15966,14.74635,19.86593,3.375525,260.0151,17,25/09/2020 00:50:01,33762
10.15596,19.87382,19.60316,3.375525,349.3753,17,25/09/2020 00:50:02,33813
4.152238,21.27413,19.9542,3.375525,277.3438,17,25/09/2020 00:50:03,33864
0,15.99363,19.98584,3.375525,266.5611,17,25/09/2020 00:50:04,33915
0,13.77134,23.79518,3.375525,121.7959,17,25/09/2020 00:50:05,33966
0,19.56517,18.19922,3.375525,220.7326,17,25/09/2020 00:50:06,34017
0,13.15251,13.5276,3.375525,326.2051,17,25/09/2020 00:50:07,34068
0,12.51465,21.62204,3.375525,65.41731,17,25/09/2020 00:50:08,34119
0,13.04299,17.96228,3.375525,131.8398,17,25/09/2020 00:50:09,34170
0,12.682,10.46307,3.375525,128.874,17,25/09/2020 00:50:10,34221
0,10.42908,8.339929,3.375525,285.164,17,25/09/2020 00:50:11,34272
4.843744E-14,6.108626,1.088031,3.375525,333.3882,17,25/09/2020 00:50:12,34323
3.388132E-21,-3.514706,4.216072,3.375525,338.7432,17,25/09/2020 00:50:13,34374
0,-1.98096,12.87837,3.375525,399.9019,17,25/09/2020 00:50:14,34425
6.021119,-12.33272,18.62756,4.856217,304.0345,17,25/09/2020 00:50:15,34476
7.508563E-09,-15.71317,21.8507,4.856217,388.9229,17,25/09/2020 00:50:16,34527
0,-9.196942,25.99044,4.856217,97.98369,17,25/09/2020 00:50:17,34578
0,-7.886386,21.3437,4.856217,248.9614,17,25/09/2020 00:50:18,34629
0,-8.663129,14.1442,4.856217,265.5973,17,25/09/2020 00:50:19,34680
0,-7.229717,13.56388,4.856217,181.4542,17,25/09/2020 00:50:20,34731
0,-6.626661,15.70217,4.856217,156.349,17,25/09/2020 00:50:21,34782
0,-2.65768,11.07624,4.856217,297.3207,17,25/09/2020 00:50:22,34833
0,4.424201,11.48478,4.856217,160.2278,17,25/09/2020 00:50:23,34884
0,6.832112,11.80105,4.856217,284.7324,17,25/09/2020 00:50:24,34935
0,1.678282,12.14495,4.856217,250.952,17,25/09/2020 00:50:25,34986
0,2.231264,17.13752,4.856217,48.51206,17,25/09/2020 00:50:26,35037
0,5.86475,16.98774,4.856217,171.166,17,25/09/2020 00:50:27,35088
0,6.775281,15.87205,4.856217,72.42997,17,25/09/2020 00:50:28,35139
0,6.939238,12.99147,4.856217,189.5098,17,25/09/2020 00:50:29,35190
0,10.31077,9.208436,4.856217,375.5005,17,25/09/2020 00:50:30,35241
0.06356955,3.067725,13.6785,4.856217,353.0957,17,25/09/2020 00:50:31,35292
0,3.494524,16.04756,4.856217,290.8683,17,25/09/2020 00:50:32,35343
0,-1.27905,14.14623,4.856217,160.9342,17,25/09/2020 00:50:33,35394
0,-1.384692,18.1618,4.856217,383.0177,17,25/09/2020 00:50:34,35445
4.293172,-2.134858,26.7005,10.68545,59.66893,17,25/09/2020 00:50:35,35496
0,1.336034,22.88738,10.68545,299.9765,17,25/09/2020 00:50:36,35547
0,-1.302155,22.82355,10.68545,173.2029,17,25/09/2020 00:50:38,35598
0,5.348866,18.30377,10.68545,91.42963,17,25/09/2020 00:50:39,35649
0,7.59545,22.62292,10.68545,342.3222,17,25/09/2020 00:50:40,35700
0,0.5586708,21.12263,10.68545,302.6952,17,25/09/2020 00:50:41,35751
0,4.790287,25.15673,10.68545,257.8768,17,25/09/2020 00:50:42,35802
0,-2.946991,21.60659,10.68545,262.5054,17,25/09/2020 00:50:43,35853
6.854268,-6.390184,23.06895,9.761634,258.7486,17,25/09/2020 00:50:44,35904
0.850545,-9.499525,22.97595,9.761634,302.3033,17,25/09/2020 00:50:45,35955
0,-18.52413,20.23807,9.761634,235.8883,17,25/09/2020 00:50:46,36006
0,-22.88787,16.41039,9.761634,225.5669,17,25/09/2020 00:50:47,36057
0,-13.872,17.15648,9.761634,139.954,17,25/09/2020 00:50:48,36108
0,-15.65547,11.44289,9.761634,288.7994,17,25/09/2020 00:50:49,36159
1.823874,-3.497327,8.497293,2.913662,181.45,17,25/09/2020 00:50:50,36210
0,-7.291801,6.990027,2.913662,360.3166,17,25/09/2020 00:50:51,36261
9.687498E-14,-2.63553,6.546174,2.913662,60.17012,17,25/09/2020 00:50:52,36312
5.699365,-5.122197,16.93755,7.60913,101.0239,17,25/09/2020 00:50:53,36363
0,-7.455715,21.32146,7.60913,381.5515,17,25/09/2020 00:50:54,36414
0,-12.86665,18.84663,7.60913,115.3595,17,25/09/2020 00:50:55,36465
0,-9.12192,22.45537,7.60913,335.9568,17,25/09/2020 00:50:56,36516
11.32601,-8.001413,32.90245,5.745052,291.8011,17,25/09/2020 00:50:57,36567
8.343275,-8.588336,27.72906,7.39378,277.7834,17,25/09/2020 00:50:58,36618
9.837884,-10.42095,17.72778,3.151426,355.4766,17,25/09/2020 00:50:59,36669
3.83417,-8.216131,16.2965,3.151426,127.1767,17,25/09/2020 00:51:00,36720
0,-4.786072,15.69301,3.151426,112.3955,17,25/09/2020 00:51:01,36771
0,2.939571,20.89705,3.151426,249.6025,17,25/09/2020 00:51:02,36822
0,1.571467,12.13102,3.151426,255.8696,17,25/09/2020 00:51:03,36873
5.587084,-5.805515,10.1,10.65002,345.6587,17,25/09/2020 00:51:04,36924
0,-8.472769,11.3724,10.65002,63.13463,17,25/09/2020 00:51:05,36975
0,-6.262246,11.98887,10.65002,79.36578,17,25/09/2020 00:51:06,37026
0,-6.877964,9.144934,10.65002,293.2846,17,25/09/2020 00:51:07,37077
8.998668,-5.692683,16.5191,4.298017,54.02854,17,25/09/2020 00:51:08,37128
11.13137,4.570227,23.84005,7.200596,275.329,17,25/09/2020 00:51:09,37179
2.30943,12.14541,18.48775,7.200596,211.3985,17,25/09/2020 00:51:10,37230
16.49412,4.954348,18.27144,6.250205,325.1674,17,25/09/2020 00:51:11,37281
18.04067,-18.72335,28.16652,6.595909,94.73136,17,25/09/2020 00:51:12,37332
12.03693,-26.25918,30.78367,6.595909,360.252,17,25/09/2020 00:51:13,37383
6.033195,-35.36362,38.53332,6.595909,364.2151,17,25/09/2020 00:51:14,37434
0.02562779,-38.09044,35.16016,6.595909,153.4672,17,25/09/2020 00:51:15,37485
0,-30.16607,28.8772,6.595909,183.3979,17,25/09/2020 00:51:16,37536
0,-22.23297,26.22158,6.595909,48.55688,17,25/09/2020 00:51:17,37587
8.68293,-12.06224,22.12653,1.133112,171.2971,17,25/09/2020 00:51:18,37638
2.679205,-2.879319,17.81675,1.133112,270.2209,17,25/09/2020 00:51:19,37689
13.28485,-6.083932,3.573045,6.744744,139.8485,17,25/09/2020 00:51:20,37740
0.7879717,-7.943023,-2.134054,8.01432,284.3225,17,25/09/2020 00:51:21,37791
3.934466E-10,-9.096343,-3.830066,8.01432,75.94468,19,25/09/2020 00:51:22,37842
7.26562E-14,-8.501575,2.115289,8.01432,55.7717,20,25/09/2020 00:51:23,37893
9.68749E-14,-4.176344,6.660156,8.01432,73.60815,20,25/09/2020 00:51:24,37944
4.648068,1.924629,10.40157,7.754293,196.7695,20,25/09/2020 00:51:25,37995
0,-4.565442,12.72881,7.754293,172.0036,20,25/09/2020 00:51:26,38046
0,-1.387359,11.48096,7.754293,203.2083,20,25/09/2020 00:51:27,38097
8.265748,0.1999167,4.83745,9.727777,113.158,20,25/09/2020 00:51:29,38148
0.5464468,2.408227,6.726789,9.727777,355.5142,20,25/09/2020 00:51:30,38199
0,-0.002095856,14.75519,9.727777,368.2589,20,25/09/2020 00:51:31,38250
0,3.906491,17.91371,9.727777,361.5024,20,25/09/2020 00:51:32,38301
0,5.409353,25.84027,9.727777,61.18977,20,25/09/2020 00:51:33,38352
0,11.22606,22.59306,9.727777,54.80781,20,25/09/2020 00:51:34,38403
0,7.6784,25.85466,9.727777,370.4683,20,25/09/2020 00:51:35,38454
0,-1.342927,27.57693,9.727777,370.2831,20,25/09/2020 00:51:36,38505
0,-8.982469,27.54157,9.727777,261.3314,20,25/09/2020 00:51:37,38556
0,-1.230872,27.2416,9.727777,154.9375,20,25/09/2020 00:51:38,38607
0,1.854008,20.35449,9.727777,255.4382,20,25/09/2020 00:51:39,38658
0,-4.772561,12.84354,9.727777,242.7811,20,25/09/2020 00:51:40,38709
0,-12.39563,14.26361,9.727777,356.9906,20,25/09/2020 00:51:41,38760
7.350849,-7.691266,12.07985,10.57924,131.9613,20,25/09/2020 00:51:42,38811
1.347128,-4.894194,8.496181,10.57924,196.0047,20,25/09/2020 00:51:43,38862
0,1.711226,8.641817,10.57924,121.1184,20,25/09/2020 00:51:44,38913
8.21137,6.26127,6.601323,8.376172,283.2256,20,25/09/2020 00:51:45,38964
2.207651,0.6248624,1.467697,8.376172,269.9995,20,25/09/2020 00:51:46,39015
1.210939E-14,-0.4872464,0.5134512,8.376172,298.6558,20,25/09/2020 00:51:47,39066
0,-0.629911,-4.178507,8.376172,134.288,20,25/09/2020 00:51:48,39117
6.054689E-14,5.875145,-0.3546716,8.376172,395.1415,20,25/09/2020 00:51:49,39168
0,1.130483,8.272265,8.376172,362.8224,20,25/09/2020 00:51:50,39219
0,1.529307,5.245367,8.376172,229.4199,20,25/09/2020 00:51:51,39270
1.210938E-13,6.566452,0.7758128,8.376172,75.29755,20,25/09/2020 00:51:52,39321
1.210936E-13,3.230072,1.083208,8.376172,295.6204,20,25/09/2020 00:51:53,39372
4.843745E-14,-5.004912,3.666676,8.376172,219.9864,20,25/09/2020 00:51:54,39423
2.384186E-06,-4.229977,-1.628747,8.376172,97.28674,20,25/09/2020 00:51:55,39474
0.0004113317,-2.828766,1.43532,8.376172,204.3434,20,25/09/2020 00:51:56,39525
9.687495E-14,-1.886263,-2.379846,8.376172,77.69534,20,25/09/2020 00:51:57,39576
1.695311E-13,-1.927513,-1.479897,8.376172,291.3706,20,25/09/2020 00:51:58,39627
9.082026E-15,0.7494764,0.02276786,8.376172,148.9688,20,25/09/2020 00:51:59,39678
3.337938E-05,-4.083025,1.970561,8.376172,79.50951,20,25/09/2020 00:52:00,39729
8.460225,-2.228728,1.547513,8.671977,211.7678,20,25/09/2020 00:52:01,39780
11.71452,-11.17354,-7.33443,5.894835,133.6477,20,25/09/2020 00:52:02,39831
5.710805,-9.982526,-11.85894,5.894835,388.1704,20,25/09/2020 00:52:03,39882
0,-12.21465,-4.551977,6.492552,78.49044,20,25/09/2020 00:52:04,39933
1.9375E-13,-10.67114,-4.590647,5.361303,157.7624,21,25/09/2020 00:52:05,39984
0,-10.18601,-4.049022,5.361303,57.23809,22,25/09/2020 00:52:06,40035
4.843748E-14,-8.575013,-2.264855,5.361303,380.3699,22,25/09/2020 00:52:07,40086
9.68749E-14,-6.319359,4.433831,5.361303,382.0214,23,25/09/2020 00:52:08,40137
9.68749E-14,-8.159384,4.916713,5.361303,290.0756,23,25/09/2020 00:52:09,40188
0,-10.35872,8.247707,5.361303,101.227,23,25/09/2020 00:52:10,40239
0.0009758899,-5.928344,5.042369,5.361303,184.299,23,25/09/2020 00:52:11,40290
9.6875E-14,-0.5478133,2.986484,5.361303,325.5225,23,25/09/2020 00:52:12,40341
9.687487E-14,-7.338376,5.058082,5.361303,54.46849,23,25/09/2020 00:52:13,40392
0.0006576084,-3.818469,6.925538,5.361303,52.87842,23,25/09/2020 00:52:14,40443
0,2.128686,12.49711,5.361303,64.6584,23,25/09/2020 00:52:15,40494
0,2.025299,16.54574,5.361303,199.4148,23,25/09/2020 00:52:16,40545
5.01362,0.2778157,17.81381,9.109407,157.7386,23,25/09/2020 00:52:17,40596
0,-7.50707,22.32131,9.109407,355.1929,23,25/09/2020 00:52:18,40647
0,-1.753373,24.52888,9.109407,136.836,23,25/09/2020 00:52:20,40698
0,-4.096552,27.6776,9.109407,45.13676,23,25/09/2020 00:52:21,40749
0,-5.401163,28.67703,9.109407,348.1416,23,25/09/2020 00:52:22,40800
0,-14.15257,27.38664,9.109407,355.7258,23,25/09/2020 00:52:23,40851
0,-7.362283,26.02395,9.109407,155.4215,23,25/09/2020 00:52:24,40902
0,-0.8002155,21.51874,9.109407,108.9042,23,25/09/2020 00:52:25,40953
0,6.455887,26.38452,9.109407,269.6403,23,25/09/2020 00:52:26,41004
0,1.363528,28.20246,9.109407,64.27866,23,25/09/2020 00:52:27,41055
0,0.9785625,32.87472,9.109407,341.69,23,25/09/2020 00:52:28,41106
0,-2.952371,32.62943,9.109407,345.8553,23,25/09/2020 00:52:29,41157
0,-2.04727,36.28418,9.109407,94.50444,23,25/09/2020 00:52:30,41208
9.091469,3.468163,32.59361,9.776883,228.201,23,25/09/2020 00:52:31,41259
3.087753,9.832351,25.67907,9.776883,270.2073,23,25/09/2020 00:52:32,41310
0,7.1097,17.71487,9.776883,332.3863,23,25/09/2020 00:52:33,41361
0,0.8959644,23.2825,9.776883,60.30226,23,25/09/2020 00:52:34,41412
0,7.008476,29.27064,9.776883,308.4839,23,25/09/2020 00:52:35,41463
0,-2.796023,27.81264,9.776883,318.965,23,25/09/2020 00:52:36,41514
0,-6.119394,26.76821,9.776883,184.1093,23,25/09/2020 00:52:37,41565
0,-3.798094,24.87271,9.776883,386.8574,23,25/09/2020 00:52:38,41616
0,-2.02029,27.69797,9.776883,93.95995,23,25/09/2020 00:52:39,41667
0,-2.551436,24.85303,9.776883,200.7719,23,25/09/2020 00:52:40,41718
0,2.029984,26.94885,9.776883,55.39381,23,25/09/2020 00:52:41,41769
0,4.145771,34.91108,9.776883,372.9765,23,25/09/2020 00:52:42,41820
0,6.142192,25.03055,9.776883,216.0683,23,25/09/2020 00:52:43,41871
0,-0.006581178,22.57129,9.776883,214.6235,23,25/09/2020 00:52:44,41922
0,0.06191073,14.92397,9.776883,154.3749,23,25/09/2020 00:52:45,41973
0,-3.048335,12.97226,9.776883,362.7169,23,25/09/2020 00:52:46,42024
9.177874,-3.857113,15.68977,8.726743,386.0166,23,25/09/2020 00:52:47,42075
22.3704,-10.19471,30.06629,10.04038,107.4188,23,25/09/2020 00:52:48,42126
5.322296,-12.2898,30.23664,6.974532,46.31132,23,25/09/2020 00:52:49,42177
2.214997,-9.449146,27.40805,4.666625,147.1841,23,25/09/2020 00:52:50,42228
0,-7.886577,27.16873,4.666625,96.02965,23,25/09/2020 00:52:51,42279
0,-5.737997,26.0597,4.666625,56.30828,23,25/09/2020 00:52:52,42330
0,-3.963457,22.88008,4.666625,340.0602,23,25/09/2020 00:52:53,42381
0,-1.198094,23.95519,4.666625,150.2717,23,25/09/2020 00:52:54,42432
0,3.613241,26.94327,4.666625,300.1083,23,25/09/2020 00:52:55,42483
0,-1.165407,27.06649,4.666625,188.5138,23,25/09/2020 00:52:56,42534
0,-7.357205,21.95337,4.666625,364.4186,23,25/09/2020 00:52:57,42585
0,-9.167418,25.42386,4.666625,159.0501,23,25/09/2020 00:52:58,42636
0,-4.505562,28.29912,4.666625,335.1261,23,25/09/2020 00:52:59,42687
0,-6.722617,24.13218,4.666625,167.3173,23,25/09/2020 00:53:00,42738
1.535586,-9.532927,22.02575,6.664389,232.1919,23,25/09/2020 00:53:01,42789
4.131151,-7.979293,20.18239,8.2665,75.15651,23,25/09/2020 00:53:02,42840
0,-7.456735,19.3883,8.2665,333.6249,23,25/09/2020 00:53:03,42891
0,-12.82499,26.72711,8.2665,184.8414,23,25/09/2020 00:53:04,42942
0,-5.113948,25.94858,8.2665,139.037,23,25/09/2020 00:53:05,42993
0,-0.4328375,21.98075,8.2665,214.0577,23,25/09/2020 00:53:06,43044
7.936307,4.974076,15.48313,10.47169,74.11101,23,25/09/2020 00:53:07,43095
9.587994,1.940957,4.873576,6.8691,113.8759,23,25/09/2020 00:53:08,43146
3.584273,2.291239,-0.1474202,6.8691,77.24893,23,25/09/2020 00:53:09,43197
4.843749E-14,2.490367,3.875995,6.8691,87.59517,23,25/09/2020 00:53:11,43248
0,0.2307654,8.324232,6.8691,296.2622,23,25/09/2020 00:53:12,43299
31.85716,-8.825507,13.81628,4.572803,188.0032,23,25/09/2020 00:53:13,43350
16.89652,-26.48774,18.44386,10.263,64.77581,23,25/09/2020 00:53:14,43401
10.89282,-36.21653,22.20661,10.263,143.6776,23,25/09/2020 00:53:15,43452
4.889099,-42.47357,31.43987,10.263,100.9142,23,25/09/2020 00:53:16,43503
10.18996,-27.42715,33.68549,6.254624,185.7685,23,25/09/2020 00:53:17,43554
4.186248,-11.70156,31.26709,6.254624,185.1978,23,25/09/2020 00:53:18,43605
0,-10.25735,24.38879,6.254624,187.3671,23,25/09/2020 00:53:19,43656
22.85971,-0.1191174,9.600209,6.082384,261.0002,23,25/09/2020 00:53:20,43707
32.67424,14.09323,16.8836,7.067587,60.42378,23,25/09/2020 00:53:21,43758
26.67054,34.6953,33.23448,7.067587,205.4353,23,25/09/2020 00:53:22,43809
8.649625,41.96384,45.94942,5.397381,278.6771,23,25/09/2020 00:53:23,43860
0,35.79151,39.97916,9.694525,217.8358,23,25/09/2020 00:53:24,43911
0,30.61052,36.02346,9.694525,365.4869,23,25/09/2020 00:53:25,43962
0,27.37548,31.05164,9.694525,243.8669,24,25/09/2020 00:53:26,44013
0,24.21445,30.31693,9.694525,329.7394,24,25/09/2020 00:53:27,44064
0,17.83899,36.74125,8.53371,392.562,25,25/09/2020 00:53:28,44115
0,12.27144,30.26618,8.53371,294.9297,25,25/09/2020 00:53:29,44166
0,8.997729,25.47288,8.53371,163.9274,25,25/09/2020 00:53:30,44217
0,4.695364,19.78659,8.53371,380.7879,25,25/09/2020 00:53:31,44268
0,0.5322637,18.97659,8.53371,322.1826,25,25/09/2020 00:53:32,44319
0,-6.401666,15.18399,8.53371,372.0466,25,25/09/2020 00:53:33,44370
0,-5.648297,10.03283,8.53371,138.7585,25,25/09/2020 00:53:34,44421
0,3.708716,8.588103,8.53371,103.7784,25,25/09/2020 00:53:35,44472
0,3.611758,10.41107,8.53371,50.74192,25,25/09/2020 00:53:36,44523
0,-0.2410879,18.29945,8.53371,329.9429,25,25/09/2020 00:53:37,44574
0,-7.331594,15.08067,8.53371,117.0092,25,25/09/2020 00:53:38,44625
0,0.7913,18.72671,8.53371,60.86701,25,25/09/2020 00:53:39,44676
0,0.6905786,18.98694,8.53371,271.7988,25,25/09/2020 00:53:40,44727
0.1824927,1.150106,10.8573,8.53371,210.8422,25,25/09/2020 00:53:41,44778
0,5.915266,13.05255,8.53371,41.22971,25,25/09/2020 00:53:42,44829
0,2.464529,22.26579,8.53371,365.8372,25,25/09/2020 00:53:43,44880
0,8.491925,22.66533,8.53371,397.5822,25,25/09/2020 00:53:44,44931
0,4.241806,18.27518,8.53371,341.7761,25,25/09/2020 00:53:45,44982
7.327468,5.028716,23.39636,9.829978,310.3931,25,25/09/2020 00:53:46,45033
1.323744,9.364751,25.82297,9.829978,226.3057,25,25/09/2020 00:53:47,45084
5.42974,14.62846,11.95724,9.426126,194.1561,25,25/09/2020 00:53:48,45135
6.226179,6.396579,10.96986,8.446784,389.6277,25,25/09/2020 00:53:49,45186
0.2224586,1.932092,13.0202,8.446784,81.91354,25,25/09/2020 00:53:50,45237
3.760985,4.782555,17.03793,10.52014,288.3163,25,25/09/2020 00:53:51,45288
0,6.66549,15.01624,10.52014,223.2808,25,25/09/2020 00:53:52,45339
9.256539,10.80085,11.73481,8.082965,368.935,25,25/09/2020 00:53:53,45390
18.68391,-9.783096,20.66238,5.324444,337.5624,25,25/09/2020 00:53:54,45441
12.68019,-27.23632,17.42196,5.324444,210.3165,25,25/09/2020 00:53:55,45492
6.676483,-28.92785,13.94257,5.324444,151.4682,25,25/09/2020 00:53:56,45543
0.6727606,-24.37625,13.3514,5.324444,173.4681,25,25/09/2020 00:53:57,45594
0,-21.71729,14.54767,5.324444,57.42682,25,25/09/2020 00:53:58,45645
0,-14.7601,14.15866,5.324444,175.6022,25,25/09/2020 00:53:59,45696
0,-10.93729,9.335837,5.324444,294.8334,25,25/09/2020 00:54:00,45747
0,-10.96973,9.951309,5.324444,177.0294,25,25/09/2020 00:54:02,45798
8.384913,-10.66921,11.83749,9.770003,174.1965,25,25/09/2020 00:54:03,45849
2.381188,-11.65169,11.84814,9.770003,79.84366,25,25/09/2020 00:54:04,45900
0,-7.412721,14.16052,9.770003,150.7005,25,25/09/2020 00:54:05,45951
0,-5.128116,14.85979,9.770003,198.8738,25,25/09/2020 00:54:06,46002
0,-3.928795,7.477993,9.770003,148.2269,25,25/09/2020 00:54:07,46053
0,-5.124043,2.610058,9.770003,293.6135,25,25/09/2020 00:54:08,46104
0,-6.507974,4.86234,9.770003,142.287,25,25/09/2020 00:54:09,46155
0,-5.584638,5.848883,9.770003,312.0985,25,25/09/2020 00:54:10,46206
9.687489E-14,-2.512343,7.396879,9.770003,78.83171,25,25/09/2020 00:54:11,46257
0.007359982,1.966146,13.77345,9.770003,95.15186,25,25/09/2020 00:54:12,46308
0,7.325498,12.87028,9.770003,102.8715,25,25/09/2020 00:54:13,46359
0,0.8274977,14.12226,9.770003,72.54486,25,25/09/2020 00:54:14,46410
0,2.114156,21.84279,9.770003,250.6242,25,25/09/2020 00:54:15,46461
0,-3.241286,21.19828,9.770003,56.27607,25,25/09/2020 00:54:16,46512
0,-4.795444,30.22062,9.770003,251.1139,25,25/09/2020 00:54:17,46563
0,-4.70188,30.52851,9.770003,356.2501,25,25/09/2020 00:54:18,46614
0,-5.472377,28.36126,9.770003,136.1504,25,25/09/2020 00:54:19,46665
0,-1.015985,27.50527,9.770003,259.6204,25,25/09/2020 00:54:20,46716
0,-8.273098,28.04011,9.770003,210.8036,25,25/09/2020 00:54:21,46767
0,-7.515182,25.50129,9.770003,281.3248,25,25/09/2020 00:54:22,46818
0,-6.763126,30.64718,9.770003,162.3741,25,25/09/2020 00:54:23,46869
0,-6.181801,26.7028,9.770003,313.5656,25,25/09/2020 00:54:24,46920
7.390976E-05,-0.9356293,26.16271,9.770003,219.0862,25,25/09/2020 00:54:25,46971
0,3.518972,27.43017,9.770003,259.8017,25,25/09/2020 00:54:26,47022
0,-0.9638418,27.06542,9.770003,88.42581,25,25/09/2020 00:54:27,47073
0,-5.290705,32.50338,9.770003,168.2359,25,25/09/2020 00:54:28,47124
0,-3.886975,30.99251,9.770003,117.5475,25,25/09/2020 00:54:29,47175
0,4.273383,26.25667,9.770003,114.5927,25,25/09/2020 00:54:30,47226
0,4.356775,23.55669,9.770003,317.1942,25,25/09/2020 00:54:31,47277
0,7.655282,22.4275,9.770003,384.6696,25,25/09/2020 00:54:32,47328
0,6.688166,21.95474,9.770003,298.9379,25,25/09/2020 00:54:33,47379
0,12.54728,23.75813,9.770003,240.1743,25,25/09/2020 00:54:34,47430
0,9.151517,25.17046,9.770003,267.0994,25,25/09/2020 00:54:35,47481
0,9.344602,21.23672,9.770003,245.9711,25,25/09/2020 00:54:36,47532
0,3.696064,23.16412,9.770003,68.74755,25,25/09/2020 00:54:37,47583
0,6.663057,22.67519,9.770003,272.4126,25,25/09/2020 00:54:38,47634
0,1.53625,18.16681,9.770003,249.7578,25,25/09/2020 00:54:39,47685
0,0.2490686,16.74248,9.770003,171.45,25,25/09/2020 00:54:40,47736
8.691082E-08,2.250098,11.12953,9.770003,182.48,25,25/09/2020 00:54:41,47787
0,9.041355,9.353001,9.770003,181.5046,25,25/09/2020 00:54:42,47838
0,6.308394,10.84082,9.770003,79.09358,25,25/09/2020 00:54:43,47889
0,6.611584,19.29539,9.770003,358.6987,25,25/09/2020 00:54:44,47940
0,10.80383,15.21683,9.770003,59.4057,25,25/09/2020 00:54:45,47991
0,12.85176,17.55626,9.770003,309.0856,25,25/09/2020 00:54:46,48042
0,7.349275,18.15517,9.770003,200.0831,25,25/09/2020 00:54:47,48093
0,1.060453,21.30163,9.770003,351.004,25,25/09/2020 00:54:48,48144
0,4.523865,19.46817,9.770003,167.1163,25,25/09/2020 00:54:49,48195
0,-1.99685,15.02909,9.770003,229.9236,25,25/09/2020 00:54:50,48246
0,-5.474693,17.45076,9.770003,330.7837,25,25/09/2020 00:54:51,48297
0,-4.620716,15.98852,9.770003,95.8251,25,25/09/2020 00:54:53,48348
0,4.338786,20.59908,9.770003,117.3086,25,25/09/2020 00:54:54,48399
0,2.349449,21.27358,9.770003,353.8242,25,25/09/2020 00:54:55,48450
0,-0.7064637,22.38251,9.770003,358.811,25,25/09/2020 00:54:56,48501
0,-7.498789,24.59571,9.770003,238.3541,25,25/09/2020 00:54:57,48552
0,-2.629171,18.16844,9.770003,344.5568,25,25/09/2020 00:54:58,48603
0,-5.283681,18.4652,9.770003,63.29095,25,25/09/2020 00:54:59,48654
0,-9.684395,16.85166,9.770003,267.199,25,25/09/2020 00:55:00,48705
0,-11.90759,11.9275,9.770003,299.8449,25,25/09/2020 00:55:01,48756
0,-12.36839,12.5794,9.770003,136.3168,25,25/09/2020 00:55:02,48807
3.90764,0.5222183,15.21781,5.750995,66.38692,25,25/09/2020 00:55:03,48858
0,-1.803598,16.11394,5.750995,110.1157,25,25/09/2020 00:55:04,48909
0,8.016197,15.91124,5.750995,129.788,25,25/09/2020 00:55:05,48960
0,6.271848,12.10365,5.750995,363.8393,25,25/09/2020 00:55:06,49011
0,-0.02775346,8.699627,5.750995,129.4071,25,25/09/2020 00:55:07,49062
0,6.557911,13.38811,5.750995,119.9199,25,25/09/2020 00:55:08,49113
0,4.68598,14.71029,5.750995,239.5574,25,25/09/2020 00:55:09,49164
8.924933E-07,-2.022075,9.98505,5.750995,313.7929,25,25/09/2020 00:55:10,49215
9.687498E-14,-3.553163,6.430761,5.750995,374.438,25,25/09/2020 00:55:11,49266
9.687493E-14,-9.959378,7.425334,5.750995,340.6158,25,25/09/2020 00:55:12,49317
0.0001144409,-9.486913,15.81228,5.750995,361.0516,25,25/09/2020 00:55:13,49368
0,-13.8181,24.73866,5.750995,389.4712,25,25/09/2020 00:55:14,49419
0,-14.25519,25.91386,5.750995,397.6418,25,25/09/2020 00:55:15,49470
0,-13.42663,26.28936,5.750995,312.7917,25,25/09/2020 00:55:16,49521
0,-16.44526,22.86977,5.750995,125.5262,25,25/09/2020 00:55:17,49572
0,-13.81327,18.48051,5.750995,53.90566,25,25/09/2020 00:55:18,49623
0,-13.44486,20.74992,5.750995,83.05369,25,25/09/2020 00:55:19,49674
0,-8.77927,23.0281,5.750995,311.537,25,25/09/2020 00:55:20,49725
0,-10.42488,22.19705,5.750995,267.8407,25,25/09/2020 00:55:21,49776
0,-6.024271,14.44148,5.750995,209.9668,25,25/09/2020 00:55:22,49827
0,-7.183283,11.63718,5.750995,40.21274,25,25/09/2020 00:55:23,49878
0,-4.471392,19.18102,5.750995,326.4805,25,25/09/2020 00:55:24,49929
1.381749E-09,-7.317014,20.47219,5.750995,260.1739,25,25/09/2020 00:55:25,49980
0,-6.469666,22.13353,5.750995,170.616,25,25/09/2020 00:55:26,50031
0,-9.458194,14.13639,5.750995,182.3159,25,25/09/2020 00:55:27,50082
0,-4.806701,17.49487,5.750995,57.14798,25,25/09/2020 00:55:28,50133
0,-1.379895,12.46966,5.750995,77.28334,25,25/09/2020 00:55:29,50184
0,-1.72443,15.67115,5.750995,231.9423,25,25/09/2020 00:55:30,50235
0,-2.331686,16.45659,5.750995,386.8164,25,25/09/2020 00:55:31,50286
0,2.737789,19.47276,5.750995,169.9066,25,25/09/2020 00:55:32,50337
0,-3.890648,19.1786,5.750995,293.6855,25,25/09/2020 00:55:33,50388
0,-2.133195,12.2873,5.750995,159.2079,25,25/09/2020 00:55:34,50439
0,-8.841583,12.06252,5.750995,236.4734,25,25/09/2020 00:55:35,50490
0,-2.031251,10.06635,5.750995,290.2421,25,25/09/2020 00:55:36,50541
0,-9.041855,13.15995,5.750995,336.3771,25,25/09/2020 00:55:37,50592
0,-14.71431,18.6717,5.750995,95.16396,25,25/09/2020 00:55:38,50643
8.382415,-10.76537,23.57664,9.697281,108.7664,25,25/09/2020 00:55:39,50694
2.378689,3.921029,20.05925,9.697281,175.6688,25,25/09/2020 00:55:40,50745
14.66437,17.23658,16.24234,8.835725,57.5577,25,25/09/2020 00:55:41,50796
8.660642,21.51055,17.77183,8.835725,324.6477,25,25/09/2020 00:55:42,50847
2.656927,18.28169,20.63177,8.835725,360.3874,25,25/09/2020 00:55:44,50898
4.329109,21.12842,24.58727,6.060408,171.6819,25,25/09/2020 00:55:45,50949
0,20.44945,21.27835,6.060408,317.9494,25,25/09/2020 00:55:46,51000
0,20.90611,23.4414,6.060408,49.54085,25,25/09/2020 00:55:47,51051
0,25.18565,31.64912,6.060408,326.2975,25,25/09/2020 00:55:48,51102
0,23.19133,30.98219,6.060408,288.7161,25,25/09/2020 00:55:49,51153
0,19.8633,23.78781,6.060408,76.50099,25,25/09/2020 00:55:50,51204
9.449918,20.0085,25.12076,9.934788,363.9646,25,25/09/2020 00:55:51,51255
3.446195,11.1376,29.29534,9.934788,257.6065,25,25/09/2020 00:55:52,51306
0,3.85619,27.83572,9.934788,261.5333,25,25/09/2020 00:55:53,51357
0,-1.12232,19.93427,9.934788,244.3105,25,25/09/2020 00:55:54,51408
5.347641,-3.046703,24.62164,6.02775,137.8633,25,25/09/2020 00:55:55,51459
0,-8.153934,30.68214,6.02775,228.6717,25,25/09/2020 00:55:56,51510
14.32443,2.536419,32.04782,7.131442,123.2643,25,25/09/2020 00:55:57,51561
8.320705,18.01439,30.81655,7.131442,163.6642,25,25/09/2020 00:55:58,51612
2.316985,25.7453,30.93698,7.131442,339.957,25,25/09/2020 00:55:59,51663
0,17.46144,29.21222,7.131442,268.598,25,25/09/2020 00:56:00,51714
0,21.22181,29.41185,7.131442,329.7805,25,25/09/2020 00:56:01,51765
0,16.56971,35.65236,7.131442,332.3298,25,25/09/2020 00:56:02,51816
0,12.11688,31.42514,7.131442,113.0242,25,25/09/2020 00:56:03,51867
0,11.74377,30.54759,7.131442,349.8024,25,25/09/2020 00:56:04,51918
0,6.177672,30.33562,7.131442,204.2758,25,25/09/2020 00:56:05,51969
1.476316,9.761145,21.31841,6.24851,204.5396,25,25/09/2020 00:56:06,52020
0,2.893706,17.21878,6.24851,272.6847,25,25/09/2020 00:56:07,52071
0,1.810384,18.41868,6.24851,395.7233,25,25/09/2020 00:56:08,52122
0,1.990279,26.34881,6.24851,338.5281,25,25/09/2020 00:56:09,52173
7.856676,2.879114,34.07454,6.449538,347.0431,25,25/09/2020 00:56:10,52224
1.852957,1.518594,37.53055,6.449538,358.7784,25,25/09/2020 00:56:11,52275
0,1.855356,37.34762,6.449538,119.5174,25,25/09/2020 00:56:12,52326
0,3.888766,38.5998,6.449538,121.4047,25,25/09/2020 00:56:13,52377
0,0.5190778,38.03302,6.449538,228.8473,25,25/09/2020 00:56:14,52428
0,0.2781619,28.82575,6.449538,190.6362,25,25/09/2020 00:56:15,52479
0,-3.164491,25.56743,6.449538,174.0133,25,25/09/2020 00:56:16,52530
0,-7.854117,27.71218,6.449538,195.0201,25,25/09/2020 00:56:17,52581
3.115855,-6.390851,15.72702,2.40056,264.7345,25,25/09/2020 00:56:18,52632
0,1.089228,15.02541,2.40056,96.23453,25,25/09/2020 00:56:19,52683
0,5.169837,22.31606,2.40056,369.5019,25,25/09/2020 00:56:20,52734
0,5.969629,23.76839,2.40056,145.3383,25,25/09/2020 00:56:21,52785
0.1077223,5.254152,28.28684,2.40056,394.4319,25,25/09/2020 00:56:22,52836
1.37694E-09,5.161778,29.24368,2.40056,130.8335,25,25/09/2020 00:56:23,52887
0,8.432165,22.88987,2.40056,249.8516,25,25/09/2020 00:56:24,52938
0,11.72299,25.26514,2.40056,188.84,25,25/09/2020 00:56:25,52989
0,7.492823,24.018,2.40056,270.2925,25,25/09/2020 00:56:26,53040
0,13.73847,22.27549,2.40056,175.0141,25,25/09/2020 00:56:27,53091
0,12.54205,16.27635,2.40056,396.6975,25,25/09/2020 00:56:28,53142
0,10.95328,21.8838,2.40056,264.4131,25,25/09/2020 00:56:29,53193
0,9.948215,19.90166,2.40056,231.1911,25,25/09/2020 00:56:30,53244
0,13.4267,20.39133,2.40056,42.94243,25,25/09/2020 00:56:31,53295
0,14.18694,20.7253,2.40056,181.8059,25,25/09/2020 00:56:32,53346
0,16.77949,19.21001,2.40056,197.8657,25,25/09/2020 00:56:33,53397
0,10.24132,20.14574,2.40056,57.76327,25,25/09/2020 00:56:35,53448
0,18.07962,20.22076,2.40056,130.6349,25,25/09/2020 00:56:36,53499
0,10.21173,19.56301,2.40056,252.6651,25,25/09/2020 00:56:37,53550
9.166527,7.907509,23.10884,8.671571,173.1128,25,25/09/2020 00:56:38,53601
10.79403,6.134081,20.7909,7.951002,350.9249,25,25/09/2020 00:56:39,53652
4.790314,-6.842425,30.19892,7.951002,222.0019,25,25/09/2020 00:56:40,53703
0,-1.390586,26.87829,7.951002,134.5807,25,25/09/2020 00:56:41,53754
0,1.431453,21.03754,7.951002,76.45645,25,25/09/2020 00:56:42,53805
0,4.118592,26.9327,7.951002,129.7844,25,25/09/2020 00:56:43,53856
0,3.687256,31.50401,7.951002,392.3621,25,25/09/2020 00:56:44,53907
0,5.368931,36.92995,7.951002,367.6049,25,25/09/2020 00:56:45,53958
0,8.854085,32.6378,7.951002,170.9572,25,25/09/2020 00:56:46,54009
3.903285,9.417172,19.00001,5.897964,229.2812,25,25/09/2020 00:56:47,54060
0,11.16744,8.408777,5.897964,211.6967,25,25/09/2020 00:56:48,54111
12.08863,1.298582,-4.623511,3.888024,46.75979,25,25/09/2020 00:56:49,54162
6.084916,-5.250304,-4.907503,3.888024,79.0272,25,25/09/2020 00:56:50,54213
0.04877578,-4.712294,-1.19999,6.841663,199.3006,25,25/09/2020 00:56:51,54264
24.49445,5.611684,10.1314,7.298762,358.3112,25,25/09/2020 00:56:52,54315
18.49073,13.16059,24.68602,7.298762,181.7186,25,25/09/2020 00:56:53,54366
0,13.78329,35.75851,6.155706,255.2592,26,25/09/2020 00:56:54,54417
22.06865,-3.706454,37.22827,7.368601,274.625,26,25/09/2020 00:56:55,54468
5.440887,-7.250944,37.11364,4.477293,360.0685,26,25/09/2020 00:56:56,54519
7.772137,-7.225935,34.3592,3.898389,207.063,27,25/09/2020 00:56:57,54570
20.72871,-3.326794,17.36651,7.380852,224.6966,27,25/09/2020 00:56:58,54621
25.41067,14.05954,4.125031,8.377284,286.6844,27,25/09/2020 00:56:59,54672
1.336659,22.41257,0.5693331,8.377284,256.9173,28,25/09/2020 00:57:00,54723
0,22.71331,6.699404,8.377284,83.64316,28,25/09/2020 00:57:01,54774
6.776264E-21,22.55871,5.416747,8.377284,366.5545,28,25/09/2020 00:57:02,54825
9.68749E-14,25.12218,3.841908,8.377284,213.638,28,25/09/2020 00:57:03,54876
16.49245,17.88959,1.602969,4.661713,333.4675,29,25/09/2020 00:57:04,54927
18.09271,-5.505652,8.744375,10.86941,353.071,29,25/09/2020 00:57:05,54978
10.46474,-11.75968,23.37201,9.288656,215.4057,29,25/09/2020 00:57:06,55029
4.461018,-18.07029,25.31727,9.288656,331.7626,29,25/09/2020 00:57:07,55080
0,-20.64874,18.01608,9.288656,271.7979,29,25/09/2020 00:57:08,55131
0,-16.25536,20.99588,9.288656,74.63887,29,25/09/2020 00:57:09,55182
0,-17.76954,18.42336,9.288656,256.4165,29,25/09/2020 00:57:10,55233
14.80544,-29.39227,23.12218,6.421605,134.7189,29,25/09/2020 00:57:11,55284
8.801712,-34.29028,28.84787,6.421605,47.5885,29,25/09/2020 00:57:12,55335
2.797995,-31.7351,30.80387,6.421605,95.21176,29,25/09/2020 00:57:13,55386
0,-30.13391,34.07904,6.421605,150.1007,29,25/09/2020 00:57:14,55437
0,-20.72967,35.03778,6.421605,160.5239,29,25/09/2020 00:57:15,55488
0,-14.35254,27.84692,6.421605,201.4861,29,25/09/2020 00:57:16,55539
0,-21.82615,28.33548,6.421605,221.667,29,25/09/2020 00:57:17,55590
0,-16.24001,27.78587,6.421605,394.4808,29,25/09/2020 00:57:18,55641
0,-14.3964,29.46871,6.421605,264.2015,29,25/09/2020 00:57:19,55692
0,-14.70059,33.44668,6.421605,222.8342,29,25/09/2020 00:57:20,55743
0,-11.41339,28.93082,6.421605,72.27855,29,25/09/2020 00:57:21,55794
0,-6.079807,28.63234,6.421605,292.9462,29,25/09/2020 00:57:22,55845
0,-4.069142,32.57766,6.421605,95.69435,29,25/09/2020 00:57:23,55896
0,-8.61633,26.46617,6.421605,315.868,29,25/09/2020 00:57:24,55947
0,-5.215189,27.11327,6.421605,164.3113,29,25/09/2020 00:57:26,55998
0,-2.990436,24.81573,6.421605,240.2668,29,25/09/2020 00:57:27,56049
0,-4.55099,22.50297,6.421605,384.5712,29,25/09/2020 00:57:28,56100
8.487843,-3.612964,14.30805,9.35555,219.1954,29,25/09/2020 00:57:29,56151
2.484119,2.522738,5.000966,9.35555,130.0607,29,25/09/2020 00:57:30,56202
9.68749E-14,11.8952,7.979298,9.35555,78.09708,29,25/09/2020 00:57:31,56253
0,13.53631,16.26506,9.35555,156.6394,29,25/09/2020 00:57:32,56304
0,17.91997,14.28938,9.35555,387.0334,29,25/09/2020 00:57:33,56355
0,12.56527,17.41084,9.35555,285.3387,29,25/09/2020 00:57:34,56406
0,3.208109,13.60913,9.35555,291.3007,29,25/09/2020 00:57:35,56457
0,2.134266,11.9539,9.35555,223.2534,29,25/09/2020 00:57:36,56508
0,1.510178,15.37063,9.35555,78.57486,29,25/09/2020 00:57:37,56559
0,-0.6475595,12.42158,9.35555,279.0262,29,25/09/2020 00:57:38,56610
0,-1.885237,11.48204,9.35555,239.1555,29,25/09/2020 00:57:39,56661
0.006709099,-4.011971,12.59971,9.35555,78.99734,29,25/09/2020 00:57:40,56712
0,1.109337,13.98619,9.35555,234.2262,29,25/09/2020 00:57:41,56763
0,5.702057,10.6357,9.35555,84.94121,29,25/09/2020 00:57:42,56814
0,4.964903,11.91146,9.35555,273.9324,29,25/09/2020 00:57:43,56865
0,2.803823,12.56919,9.35555,142.4278,29,25/09/2020 00:57:44,56916
10,7.296045,7.230029,10.6433,298.4567,29,25/09/2020 00:57:45,56967
0.6007591,-4.591051,1.194927,10.6433,300.087,29,25/09/2020 00:57:46,57018
0,-0.07065286,7.726315,10.6433,128.8005,29,25/09/2020 00:57:47,57069
0,1.541643,7.765686,10.6433,225.2302,29,25/09/2020 00:57:48,57120
9.687498E-14,-0.1240333,6.75404,10.6433,332.3835,29,25/09/2020 00:57:49,57171
0,-6.295516,13.56897,10.6433,155.5473,29,25/09/2020 00:57:50,57222
0,-2.608112,18.59861,10.6433,52.40678,29,25/09/2020 00:57:51,57273
6.761455,-1.42323,21.73367,9.914782,45.51492,29,25/09/2020 00:57:52,57324
0.757738,-1.181409,20.35433,9.914782,128.9324,29,25/09/2020 00:57:53,57375
0,-4.175901,22.48838,9.914782,244.5267,29,25/09/2020 00:57:54,57426
8.995588,1.713571,17.9683,10.46498,121.6817,29,25/09/2020 00:57:55,57477
6.421237,6.04817,25.477,8.503508,65.83931,29,25/09/2020 00:57:56,57528
10.06293,14.14137,22.04345,8.651967,105.1027,29,25/09/2020 00:57:57,57579
11.01168,8.917587,7.52691,6.617938,184.5292,29,25/09/2020 00:57:58,57630
5.007966,3.947287,-0.9791096,6.617938,164.422,29,25/09/2020 00:57:59,57681
1.466149E-21,10.08191,-2.887748,6.617938,121.5321,30,25/09/2020 00:58:00,57732
13.80847,7.60972,7.653728,4.377002,237.028,30,25/09/2020 00:58:01,57783
7.804766,2.02025,12.90295,4.377002,301.7919,30,25/09/2020 00:58:02,57834
1.801044,5.411107,15.27801,4.377002,392.241,30,25/09/2020 00:58:03,57885
0,2.510143,25.21345,4.377002,368.7588,30,25/09/2020 00:58:04,57936
0,-3.190214,28.78875,4.377002,323.5312,30,25/09/2020 00:58:05,57987
0,-4.10025,24.4652,4.377002,151.5801,30,25/09/2020 00:58:06,58038
0,-0.6001254,17.99565,4.377002,248.8233,30,25/09/2020 00:58:07,58089
14.87106,7.572741,5.189385,5.395476,261.7579,30,25/09/2020 00:58:08,58140
8.867332,15.316,5.696935,5.395476,294.8829,30,25/09/2020 00:58:09,58191
2.863613,15.30194,5.641953,5.395476,59.24193,30,25/09/2020 00:58:10,58242
0,14.95052,8.877486,5.395476,73.65149,30,25/09/2020 00:58:11,58293
9.687498E-14,22.42303,7.057456,5.395476,63.05837,30,25/09/2020 00:58:12,58344
0,22.18504,14.82409,5.395476,74.59742,30,25/09/2020 00:58:13,58395
0,15.77317,12.80936,5.395476,330.18,30,25/09/2020 00:58:14,58446
0,8.910039,9.624295,5.395476,227.9805,30,25/09/2020 00:58:15,58497
0,9.658278,8.902431,5.395476,184.8619,30,25/09/2020 00:58:17,58548
9.687477E-14,11.67379,7.323321,5.395476,364.6375,30,25/09/2020 00:58:18,58599
0,6.218954,5.378608,5.395476,217.8051,30,25/09/2020 00:58:19,58650
8.866206,2.001441,4.518139,10.0855,86.86896,30,25/09/2020 00:58:20,58701
10.23515,3.081066,5.237077,7.99165,159.5319,30,25/09/2020 00:58:21,58752
4.231422,6.723998,-4.227386,7.99165,68.50996,30,25/09/2020 00:58:22,58803
9.687509E-14,6.802965,-7.159114,7.99165,186.5583,30,25/09/2020 00:58:23,58854
4.843744E-14,3.405623,-2.297606,7.99165,131.2736,30,25/09/2020 00:58:24,58905
2.421869E-14,10.66462,1.45483,2.535284,75.49451,32,25/09/2020 00:58:25,58956
4.843737E-14,11.9165,3.338752,2.535284,64.3995,32,25/09/2020 00:58:26,59007
4.843749E-14,11.47806,2.779914,10.53822,177.8534,32,25/09/2020 00:58:27,59058
9.687498E-14,8.232154,4.973225,8.981596,56.86057,33,25/09/2020 00:58:28,59109
0,3.071159,12.54226,8.981596,346.361,33,25/09/2020 00:58:29,59160
0,5.388938,22.38373,8.981596,59.0043,33,25/09/2020 00:58:30,59211
0,7.074108,18.85939,8.981596,128.1815,33,25/09/2020 00:58:31,59262
0,4.833653,16.50252,8.981596,261.5064,33,25/09/2020 00:58:32,59313
0,-3.455896,15.17985,8.981596,63.33952,33,25/09/2020 00:58:33,59364
1.285603,-5.074006,25.84575,1.106126,339.3548,33,25/09/2020 00:58:34,59415
4.266906,1.294459,17.35556,5.444828,283.2012,33,25/09/2020 00:58:35,59466
16.72263,9.236434,16.54744,8.39646,369.6825,33,25/09/2020 00:58:36,59517
10.7189,21.97158,15.89033,8.39646,396.8435,33,25/09/2020 00:58:37,59568
4.916019,21.3807,19.43995,4.454105,348.2649,33,25/09/2020 00:58:38,59619
0,17.56757,27.97709,4.454105,345.1953,33,25/09/2020 00:58:39,59670
0,15.80123,29.966,4.454105,316.0117,33,25/09/2020 00:58:40,59721
0,6.671189,32.88917,4.454105,362.0728,33,25/09/2020 00:58:41,59772
0,1.806942,29.49166,4.454105,267.3068,33,25/09/2020 00:58:42,59823
0,2.461702,23.43795,4.454105,126.867,33,25/09/2020 00:58:43,59874
0,1.357451,17.8065,4.454105,63.9643,33,25/09/2020 00:58:44,59925
0,6.919624,18.74527,4.454105,209.0451,33,25/09/2020 00:58:45,59976
